Id,Prediction,Date,File,StartTime,ElapsedTime,BusyTime,Commands,editOrInsertPercentage,debugPercentage,navigationPercentage,focusPercentage,removePercentage,editPercentage,COMMAND_RATE,NAVIGATION_RATE,DEBUG_RATE,FOCUS_RATE,EDIT_RATE,REMOVE_RATE,INSERT_RATE,webLinkTimes,Web Page Visits
1,,Mon Sep 14 19:19:20 EDT 2020,Interpolator.java,1600125560904,123277,0,(N)1(I)1(N)1(I)2(N)1(I)1(F)9(N)2(F)5,0.17391304347826086,0.0,21.73913043478261,60.86956521739131,0.0,0.0,0.18699186991869918,0.04065040650406504,0.0,0.11382113821138211,0.0,0.0,0.032520325203252036,0.0,[]
,/modelData/A0UserStudy2010.arff,Mon Sep 14 19:19:20 EDT 2020,Interpolator.java, 1600125560904
2,,Mon Sep 14 19:21:25 EDT 2020,Playground.java,1600125685690,43963,0,(F)4(I)7(F)6,0.4117647058823529,0.0,0.0,58.82352941176471,0.0,0.0,0.3953488372093023,0.0,0.0,0.23255813953488372,0.0,0.0,0.16279069767441862,0.0,[]
3,,Mon Sep 14 19:22:11 EDT 2020,InterpolatingMain.java,1600125731479,259571,0,(F)2(D)4(I)1(F)6(I)1(F)2(I)1(F)2,0.15789473684210525,21.052631578947366,0.0,63.1578947368421,0.0,0.0,0.07335907335907337,0.0,0.015444015444015444,0.04633204633204633,0.0,0.0,0.011583011583011582,0.0,[]
4,,Mon Sep 14 19:26:34 EDT 2020,InterpolatingMain.java,1600125994886,57452,0,(F)2(I)12(F)3,0.7058823529411765,0.0,0.0,29.411764705882355,0.0,0.0,0.2982456140350877,0.0,0.0,0.08771929824561403,0.0,0.0,0.21052631578947367,0.0,[]
5,,Mon Sep 14 19:26:40 EDT 2020,InputValidator.java,1600126000168,141483,0,(I)2(F)1(I)5(F)3(I)2(F)1(I)5,0.7368421052631579,0.0,0.0,26.31578947368421,0.0,0.0,0.1347517730496454,0.0,0.0,0.03546099290780142,0.0,0.0,0.09929078014184398,0.0,[]
6,,Mon Sep 14 19:29:01 EDT 2020,InputValidator.java,1600126141651,3287,3287,(I)25,1.0,0.0,0.0,0.0,0.0,0.0,8.333333333333334,0.0,0.0,0.0,0.0,0.0,8.333333333333334,0.0,[]
7,,Mon Sep 14 19:29:05 EDT 2020,InputValidator.java,1600126145026,1318,1318,(I)25,1.0,0.0,0.0,0.0,0.0,0.0,25.0,0.0,0.0,0.0,0.0,0.0,25.0,0.0,[]
8,,Mon Sep 14 19:29:06 EDT 2020,BasicMain.java,1600126146345,9249,9249,(I)4(F)1(I)16(F)1(I)2,0.9166666666666666,0.0,0.0,8.333333333333332,0.0,0.0,2.6666666666666665,0.0,0.0,0.2222222222222222,0.0,0.0,2.4444444444444446,0.0,[]
9,,Mon Sep 14 19:29:15 EDT 2020,AbstractModel.java,1600126155749,655390,0,(I)14(F)8,0.6363636363636364,0.0,0.0,36.36363636363637,0.0,0.0,0.03358778625954199,0.0,0.0,0.012213740458015267,0.0,0.0,0.021374045801526718,0.0,[]
10,,Mon Sep 14 19:40:11 EDT 2020,AbstractModel.java,1600126811145,2718,2718,(I)13(F)1(I)4,0.9444444444444444,0.0,0.0,5.555555555555555,0.0,0.0,9.0,0.0,0.0,0.5,0.0,0.0,8.5,0.0,[]
11,,Mon Sep 14 19:40:14 EDT 2020,AbstractModel.java,1600126814047,9954,9954,(I)15(R)3(F)1(I)6,0.84,0.0,0.0,4.0,0.0,0.0,2.7777777777777777,0.0,0.0,0.1111111111111111,0.0,0.3333333333333333,2.3333333333333335,0.0,[]
12,,Mon Sep 14 19:40:24 EDT 2020,AbstractModel.java,1600126824088,1414,1414,(I)2(R)6(I)9(R)3(I)5,0.64,0.0,0.0,0.0,0.0,0.0,25.0,0.0,0.0,0.0,0.0,9.0,16.0,0.0,[]
13,,Mon Sep 14 19:40:25 EDT 2020,AbstractModel.java,1600126825584,5329,5329,(I)25,1.0,0.0,0.0,0.0,0.0,0.0,5.0,0.0,0.0,0.0,0.0,0.0,5.0,0.0,[]
14,,Mon Sep 14 19:40:31 EDT 2020,AbstractModel.java,1600126831192,-1,-1,(I)22(F)1(I)2,0.96,0.0,0.0,4.0,0.0,0.0,0.0,0.0,0.0,0.0,0.0,null,0.0,0.0,[]
15,,Mon Sep 14 19:40:31 EDT 2020,AbstractModel.java,1600126831273,6473,6473,(I)22(F)1(I)2,0.96,0.0,0.0,4.0,0.0,0.0,4.166666666666667,0.0,0.0,0.16666666666666666,0.0,0.0,4.0,0.0,[]
16,,Mon Sep 14 19:40:37 EDT 2020,AbstractModel.java,1600126837855,127,127,(I)8(R)7(I)10,0.72,0.0,0.0,0.0,0.0,0.0,0.0,0.0,0.0,0.0,0.0,null,0.0,0.0,[]
17,,Mon Sep 14 19:40:38 EDT 2020,AbstractModel.java,1600126838166,2914,2914,(I)5(R)7(I)13,0.72,0.0,0.0,0.0,0.0,0.0,12.5,0.0,0.0,0.0,0.0,3.5,9.0,0.0,[]
18,,Mon Sep 14 19:40:41 EDT 2020,AbstractModel.java,1600126841207,335,335,(I)13(R)1(I)2(F)2(I)7,0.88,0.0,0.0,8.0,0.0,0.0,0.0,0.0,0.0,0.0,0.0,null,0.0,0.0,[]
19,,Mon Sep 14 19:40:41 EDT 2020,AbstractModel.java,1600126841624,29831,0,(I)9(R)1(I)15,0.96,0.0,0.0,0.0,0.0,0.0,0.8620689655172413,0.0,0.0,0.0,0.0,0.034482758620689655,0.8275862068965517,0.0,[]
20,,Mon Sep 14 19:41:11 EDT 2020,AbstractModel.java,1600126871518,602,602,(I)14(F)2(I)9,0.92,0.0,0.0,8.0,0.0,0.0,0.0,0.0,0.0,0.0,0.0,null,0.0,0.0,[]
21,,Mon Sep 14 19:41:12 EDT 2020,AbstractModel.java,1600126872190,12969,0,(I)13(R)2(I)8(R)2,0.84,0.0,0.0,0.0,0.0,0.0,2.0833333333333335,0.0,0.0,0.0,0.0,0.3333333333333333,1.75,0.0,[]
22,,Mon Sep 14 19:41:25 EDT 2020,AbstractModel.java,1600126885304,11614,0,(R)4(I)4(F)2(I)4(R)4(I)6(F)1,0.56,0.0,0.0,12.0,0.0,0.0,2.272727272727273,0.0,0.0,0.2727272727272727,0.0,0.7272727272727273,1.2727272727272727,0.0,[]
23,,Mon Sep 14 19:41:40 EDT 2020,AbstractModel.java,1600126900422,45251,0,(I)1(F)1(I)9(F)1(I)13,0.92,0.0,0.0,8.0,0.0,0.0,0.5555555555555556,0.0,0.0,0.044444444444444446,0.0,0.0,0.5111111111111111,0.0,[]
24,,Mon Sep 14 19:42:25 EDT 2020,AbstractModel.java,1600126945814,23906,0,(I)1(F)1(I)3(R)6(F)2(R)6(I)4,0.34782608695652173,0.0,0.0,13.043478260869565,0.0,0.0,1.0,0.0,0.0,0.13043478260869565,0.0,0.5217391304347826,0.34782608695652173,0.0,[]
25,,Mon Sep 14 19:42:49 EDT 2020,AbstractModel.java,1600126969783,-2460,-2460,(I)18(R)2(I)5,0.92,0.0,0.0,0.0,0.0,0.0,0.0,0.0,0.0,0.0,0.0,null,0.0,0.0,[]
26,,Mon Sep 14 19:42:47 EDT 2020,AbstractModel.java,1600126967481,11856,0,(I)13(F)1(I)1(R)4(F)1(I)2,0.7272727272727273,0.0,0.0,9.090909090909092,0.0,0.0,2.0,0.0,0.0,0.18181818181818182,0.0,0.36363636363636365,1.4545454545454546,0.0,[]
27,,Mon Sep 14 19:42:59 EDT 2020,AbstractModel.java,1600126979647,1279,1279,(I)25,1.0,0.0,0.0,0.0,0.0,0.0,25.0,0.0,0.0,0.0,0.0,0.0,25.0,0.0,[]
28,,Mon Sep 14 19:43:00 EDT 2020,AbstractModel.java,1600126980928,31763,0,(I)15(R)2(F)4(I)3(R)1,0.72,0.0,0.0,16.0,0.0,0.0,0.8064516129032258,0.0,0.0,0.12903225806451613,0.0,0.0967741935483871,0.5806451612903226,0.0,[]
29,,Mon Sep 14 19:43:34 EDT 2020,AbstractModel.java,1600127014426,3910,3910,(I)3(R)4(I)10(R)1(I)1(R)1(I)5,0.76,0.0,0.0,0.0,0.0,0.0,8.333333333333334,0.0,0.0,0.0,0.0,2.0,6.333333333333333,0.0,[]
30,,Mon Sep 14 19:43:38 EDT 2020,AbstractModel.java,1600127018441,22407,0,(I)5(R)1(I)17(F)2,0.88,0.0,0.0,8.0,0.0,0.0,1.1363636363636365,0.0,0.0,0.09090909090909091,0.0,0.045454545454545456,1.0,0.0,[]
31,,Mon Sep 14 19:44:04 EDT 2020,InterpolatingMain.java,1600127044556,-21005,-21005,(F)2(I)1(F)2(I)16,0.8095238095238095,0.0,0.0,19.047619047619047,0.0,0.0,0.0,0.0,0.0,0.0,0.0,null,0.0,0.0,[]
32,,Mon Sep 14 19:43:43 EDT 2020,InterpolatingModel.java,1600127023839,50818,0,(I)4(F)2(I)12,0.8888888888888888,0.0,0.0,11.11111111111111,0.0,0.0,0.36,0.0,0.0,0.04,0.0,0.0,0.32,0.0,[]
33,,Mon Sep 14 19:44:34 EDT 2020,InterpolatingModel.java,1600127074738,1430,1430,(I)25,1.0,0.0,0.0,0.0,0.0,0.0,25.0,0.0,0.0,0.0,0.0,0.0,25.0,0.0,[]
34,,Mon Sep 14 19:44:36 EDT 2020,DerivedModel.java,1600127076169,16376,0,(I)10(R)1(I)1(F)2(I)4,0.8333333333333334,0.0,0.0,11.11111111111111,0.0,0.0,1.125,0.0,0.0,0.125,0.0,0.0625,0.9375,0.0,[]
35,,Mon Sep 14 19:44:52 EDT 2020,DerivedModel.java,1600127092704,4115,4115,(I)3,1.0,0.0,0.0,0.0,0.0,0.0,0.75,0.0,0.0,0.0,0.0,0.0,0.75,0.0,[]
36,,Mon Sep 14 19:44:56 EDT 2020,DerivedModel.java,1600127096851,2822,2822,(I)10(R)1,0.9090909090909091,0.0,0.0,0.0,0.0,0.0,5.5,0.0,0.0,0.0,0.0,0.5,5.0,0.0,[]
37,,Mon Sep 14 19:44:59 EDT 2020,DerivedModel.java,1600127099851,85,85,(I)3(R)1(I)17(R)1(I)2,0.9166666666666666,0.0,0.0,0.0,0.0,0.0,0.0,0.0,0.0,0.0,0.0,null,0.0,0.0,[]
38,,Mon Sep 14 19:45:00 EDT 2020,BasicModel.java,1600127100120,4457,4457,(I)24,1.0,0.0,0.0,0.0,0.0,0.0,6.0,0.0,0.0,0.0,0.0,0.0,6.0,0.0,[]
39,,Mon Sep 14 19:45:05 EDT 2020,BasicModel.java,1600127105155,6252,6252,(I)17(R)2(I)6,0.92,0.0,0.0,0.0,0.0,0.0,4.166666666666667,0.0,0.0,0.0,0.0,0.3333333333333333,3.8333333333333335,0.0,[]
40,,Mon Sep 14 19:45:11 EDT 2020,BasicModel.java,1600127111496,1,1,(I)16(R)2(I)7,0.92,0.0,0.0,0.0,0.0,0.0,0.0,0.0,0.0,0.0,0.0,null,0.0,0.0,[]
41,,Mon Sep 14 19:45:11 EDT 2020,BasicModel.java,1600127111681,58267,0,(I)8(F)3(I R)1(F)7,0.47368421052631576,0.0,0.0,52.63157894736842,0.0,0.0,0.3275862068965517,0.0,0.0,0.1724137931034483,0.0,0.017241379310344827,0.15517241379310345,0.0,[]
42,,Mon Sep 14 19:46:11 EDT 2020,Observable.java,1600127171349,208940,0,(F)14(I)1(F)2(I)5,0.2727272727272727,0.0,0.0,72.72727272727273,0.0,0.0,0.10576923076923077,0.0,0.0,0.07692307692307693,0.0,0.0,0.028846153846153848,0.0,[]
43,,Mon Sep 14 19:49:40 EDT 2020,Observable.java,1600127380329,2845,2845,(I)6(R)2(I)14(R)2(I)1,0.84,0.0,0.0,0.0,0.0,0.0,12.5,0.0,0.0,0.0,0.0,2.0,10.5,0.0,[]
44,,Mon Sep 14 19:49:43 EDT 2020,Observable.java,1600127383668,6678,6678,(I)9(R)2(I)4(F)2(I)7(R)1,0.8,0.0,0.0,8.0,0.0,0.0,4.166666666666667,0.0,0.0,0.3333333333333333,0.0,0.5,3.3333333333333335,0.0,[]
45,,Mon Sep 14 19:49:50 EDT 2020,Observable.java,1600127390484,14071,0,(R)1(I)7(R)1(I)13(R)1(I)2,0.88,0.0,0.0,0.0,0.0,0.0,1.7857142857142858,0.0,0.0,0.0,0.0,0.21428571428571427,1.5714285714285714,0.0,[]
46,,Mon Sep 14 19:50:04 EDT 2020,Observable.java,1600127404739,20855,0,(I)20,1.0,0.0,0.0,0.0,0.0,0.0,1.0,0.0,0.0,0.0,0.0,0.0,1.0,0.0,[]
47,,Mon Sep 14 19:50:25 EDT 2020,Observable.java,1600127425682,2160,2160,(I)4(R)10(I)4(R)2(I)5,0.52,0.0,0.0,0.0,0.0,0.0,12.5,0.0,0.0,0.0,0.0,6.0,6.5,0.0,[]
48,,Mon Sep 14 19:50:27 EDT 2020,InterpolatingModel.java,1600127427843,7223,7223,(I)21,1.0,0.0,0.0,0.0,0.0,0.0,3.0,0.0,0.0,0.0,0.0,0.0,3.0,0.0,[]
49,,Mon Sep 14 19:50:35 EDT 2020,AbstractModel.java,1600127435126,7414,7414,(I)21,1.0,0.0,0.0,0.0,0.0,0.0,3.0,0.0,0.0,0.0,0.0,0.0,3.0,0.0,[]
50,,Mon Sep 14 19:50:42 EDT 2020,AbstractModel.java,1600127442604,-66,-66,(I)24,1.0,0.0,0.0,0.0,0.0,0.0,0.0,0.0,0.0,0.0,0.0,null,0.0,0.0,[]
51,,Mon Sep 14 19:50:42 EDT 2020,AbstractModel.java,1600127442603,25095,0,(I)12(F)1(I)1(F)1(I)10,0.92,0.0,0.0,8.0,0.0,0.0,1.0,0.0,0.0,0.08,0.0,0.0,0.92,0.0,[]
52,,Mon Sep 14 19:51:07 EDT 2020,AbstractModel.java,1600127467699,4289,4289,(I)25,1.0,0.0,0.0,0.0,0.0,0.0,6.25,0.0,0.0,0.0,0.0,0.0,6.25,0.0,[]
53,,Mon Sep 14 19:51:12 EDT 2020,AbstractModel.java,1600127472051,3612,3612,(I)24,1.0,0.0,0.0,0.0,0.0,0.0,8.0,0.0,0.0,0.0,0.0,0.0,8.0,0.0,[]
54,,Mon Sep 14 19:51:15 EDT 2020,AbstractModel.java,1600127475826,10360,0,(I)8(F)1(I)1(F)1(R)1(I)4(R)8,0.5416666666666666,0.0,0.0,8.333333333333332,0.0,0.0,2.4,0.0,0.0,0.2,0.0,0.9,1.3,0.0,[]
55,,Mon Sep 14 19:51:26 EDT 2020,AbstractModel.java,1600127486330,9386,9386,(I)3(F)1(I)1(F)1(I)16,0.9090909090909091,0.0,0.0,9.090909090909092,0.0,0.0,2.4444444444444446,0.0,0.0,0.2222222222222222,0.0,0.0,2.2222222222222223,0.0,[]
56,,Mon Sep 14 19:51:35 EDT 2020,AbstractModel.java,1600127495803,1722,1722,(I)25,1.0,0.0,0.0,0.0,0.0,0.0,25.0,0.0,0.0,0.0,0.0,0.0,25.0,0.0,[]
57,,Mon Sep 14 19:51:37 EDT 2020,AbstractModel.java,1600127497525,2159,2159,(I)3(R)4(I)18,0.84,0.0,0.0,0.0,0.0,0.0,12.5,0.0,0.0,0.0,0.0,2.0,10.5,0.0,[]
58,,Mon Sep 14 19:51:39 EDT 2020,AbstractModel.java,1600127499803,13304,0,(I)12(R)2(F)1(I)3,0.8333333333333334,0.0,0.0,5.555555555555555,0.0,0.0,1.3846153846153846,0.0,0.0,0.07692307692307693,0.0,0.15384615384615385,1.1538461538461537,0.0,[]
59,,Mon Sep 14 19:51:53 EDT 2020,AbstractModel.java,1600127513267,16968,0,(I)1(R)2(F)1(I)21,0.88,0.0,0.0,4.0,0.0,0.0,1.5625,0.0,0.0,0.0625,0.0,0.125,1.375,0.0,[]
60,,Mon Sep 14 19:52:10 EDT 2020,AbstractModel.java,1600127530236,2441,2441,(I)24(R)1,0.96,0.0,0.0,0.0,0.0,0.0,12.5,0.0,0.0,0.0,0.0,0.5,12.0,0.0,[]
61,,Mon Sep 14 19:52:12 EDT 2020,AbstractModel.java,1600127532679,11254,0,(R)3(F)2(I)6(R)1(I)13,0.76,0.0,0.0,8.0,0.0,0.0,2.272727272727273,0.0,0.0,0.18181818181818182,0.0,0.36363636363636365,1.7272727272727273,0.0,[]
62,,Mon Sep 14 19:52:24 EDT 2020,AbstractModel.java,1600127544106,-1142,-1142,(I)11(R)1(I)8,0.95,0.0,0.0,0.0,0.0,0.0,0.0,0.0,0.0,0.0,0.0,null,0.0,0.0,[]
63,,Mon Sep 14 19:52:23 EDT 2020,AbstractModel.java,1600127543477,4711,4711,(I)4(R)3(I)12,0.8421052631578947,0.0,0.0,0.0,0.0,0.0,4.75,0.0,0.0,0.0,0.0,0.75,4.0,0.0,[]
64,,Mon Sep 14 19:52:28 EDT 2020,AbstractModel.java,1600127548213,2694,2694,(I)2(R)8(I)8(R)7,0.4,0.0,0.0,0.0,0.0,0.0,12.5,0.0,0.0,0.0,0.0,7.5,5.0,0.0,[]
65,,Mon Sep 14 19:52:30 EDT 2020,ControllerFactory.java,1600127550908,343039,0,(R)3(I)9(F)6(I)1(F)2,0.47619047619047616,0.0,0.0,38.095238095238095,0.0,0.0,0.061224489795918366,0.0,0.0,0.023323615160349854,0.0,0.008746355685131196,0.029154518950437316,0.0,[]
66,,Mon Sep 14 19:58:14 EDT 2020,ViewFactory.java,1600127894098,104618,0,(I)1(F)2(I)1(F)1(I)3(R)2(I)8,0.7222222222222222,0.0,0.0,16.666666666666664,0.0,0.0,0.17307692307692307,0.0,0.0,0.028846153846153848,0.0,0.019230769230769232,0.125,0.0,[]
67,,Mon Sep 14 19:59:58 EDT 2020,ViewFactory.java,1600127998820,1,1,(I)8(F)1(I)4(R)2(I)9,0.875,0.0,0.0,4.166666666666666,0.0,0.0,0.0,0.0,0.0,0.0,0.0,null,0.0,0.0,[]
68,,Mon Sep 14 19:59:58 EDT 2020,ViewFactory.java,1600127998908,8604,8604,(I)14(F)1,0.9333333333333333,0.0,0.0,6.666666666666667,0.0,0.0,1.875,0.0,0.0,0.125,0.0,0.0,1.75,0.0,[]
69,,Mon Sep 14 20:00:02 EDT 2020,ModelFactory.java,1600128002157,103688,0,(I)1(F)1(I)21,0.9565217391304348,0.0,0.0,4.3478260869565215,0.0,0.0,0.22330097087378642,0.0,0.0,0.009708737864077669,0.0,0.0,0.21359223300970873,0.0,[]
70,,Mon Sep 14 20:01:45 EDT 2020,DerivedModel.java,1600128105933,70222,0,(I)11(F)2(I)1,0.8571428571428571,0.0,0.0,14.285714285714285,0.0,0.0,0.2,0.0,0.0,0.02857142857142857,0.0,0.0,0.17142857142857143,0.0,[]
71,,Mon Sep 14 20:03:11 EDT 2020,ModelFactory.java,1600128191891,41652,0,(I)5(F)1(I)1(F)1(I)2(F)2(I)3,0.7333333333333333,0.0,0.0,26.666666666666668,0.0,0.0,0.36585365853658536,0.0,0.0,0.0975609756097561,0.0,0.0,0.2682926829268293,0.0,[]
72,,Mon Sep 14 20:03:53 EDT 2020,ModelFactory.java,1600128233614,5535,5535,(I)19(R)6,0.76,0.0,0.0,0.0,0.0,0.0,5.0,0.0,0.0,0.0,0.0,1.2,3.8,0.0,[]
73,,Mon Sep 14 20:03:59 EDT 2020,ModelFactory.java,1600128239285,1688,1688,(R)8(I)17,0.68,0.0,0.0,0.0,0.0,0.0,25.0,0.0,0.0,0.0,0.0,8.0,17.0,0.0,[]
74,,Mon Sep 14 20:04:00 EDT 2020,ModelFactory.java,1600128240973,42632,0,(I)2(F)8(I)1(R)1(I)7(R)2(I)4,0.56,0.0,0.0,32.0,0.0,0.0,0.5952380952380952,0.0,0.0,0.19047619047619047,0.0,0.07142857142857142,0.3333333333333333,0.0,[]
75,,Mon Sep 14 20:04:43 EDT 2020,ModelFactory.java,1600128283646,168,168,(I)8(R)1(I)7(R)2(I)7,0.88,0.0,0.0,0.0,0.0,0.0,0.0,0.0,0.0,0.0,0.0,null,0.0,0.0,[]
76,,Mon Sep 14 20:04:43 EDT 2020,ModelFactory.java,1600128283879,3062,3062,(I)5(R)2(I)1(R)1(I)16,0.88,0.0,0.0,0.0,0.0,0.0,8.333333333333334,0.0,0.0,0.0,0.0,1.0,7.333333333333333,0.0,[]
77,,Mon Sep 14 20:04:47 EDT 2020,ModelFactory.java,1600128287029,217,217,(I)3(R)3(I)19,0.88,0.0,0.0,0.0,0.0,0.0,0.0,0.0,0.0,0.0,0.0,null,0.0,0.0,[]
78,,Mon Sep 14 20:04:47 EDT 2020,Observable.java,1600128287655,1511,1511,(R)3(I)10(R)1(I)9,0.8260869565217391,0.0,0.0,0.0,0.0,0.0,23.0,0.0,0.0,0.0,0.0,4.0,19.0,0.0,[]
79,,Mon Sep 14 20:04:49 EDT 2020,ModelFactory.java,1600128289373,74454,0,(I)1(R)1(I)8(F)8(I)4,0.5909090909090909,0.0,0.0,36.36363636363637,0.0,0.0,0.2972972972972973,0.0,0.0,0.10810810810810811,0.0,0.013513513513513514,0.17567567567567569,0.0,[]
80,,Mon Sep 14 20:06:03 EDT 2020,ModelFactory.java,1600128363999,47550,0,(I)2(R)2(I)5(F)2(I)13,0.8333333333333334,0.0,0.0,8.333333333333332,0.0,0.0,0.5106382978723404,0.0,0.0,0.0425531914893617,0.0,0.0425531914893617,0.425531914893617,0.0,[]
81,,Mon Sep 14 20:06:51 EDT 2020,ModelFactory.java,1600128411550,1609,1609,(I)7(R)2(I)16,0.92,0.0,0.0,0.0,0.0,0.0,25.0,0.0,0.0,0.0,0.0,2.0,23.0,0.0,[]
82,,Mon Sep 14 20:06:53 EDT 2020,ModelFactory.java,1600128413245,9617,9617,(I)19(F)1(I)1(F)1(I)2,0.9166666666666666,0.0,0.0,8.333333333333332,0.0,0.0,2.6666666666666665,0.0,0.0,0.2222222222222222,0.0,0.0,2.4444444444444446,0.0,[]
83,,Mon Sep 14 20:07:03 EDT 2020,ModelFactory.java,1600128423197,4608,4608,(I)25,1.0,0.0,0.0,0.0,0.0,0.0,6.25,0.0,0.0,0.0,0.0,0.0,6.25,0.0,[]
84,,Mon Sep 14 20:07:07 EDT 2020,ModelFactory.java,1600128427806,5489,5489,(I)24(F)1,0.96,0.0,0.0,4.0,0.0,0.0,5.0,0.0,0.0,0.2,0.0,0.0,4.8,0.0,[]
85,,Mon Sep 14 20:07:14 EDT 2020,ModelFactory.java,1600128434308,674,674,(F)1(I)23,0.9583333333333334,0.0,0.0,4.166666666666666,0.0,0.0,0.0,0.0,0.0,0.0,0.0,null,0.0,0.0,[]
86,,Mon Sep 14 20:07:15 EDT 2020,ModelFactory.java,1600128435093,9547,9547,(I)18(R)1(I)6,0.96,0.0,0.0,0.0,0.0,0.0,2.7777777777777777,0.0,0.0,0.0,0.0,0.1111111111111111,2.6666666666666665,0.0,[]
87,,Mon Sep 14 20:07:24 EDT 2020,ModelFactory.java,1600128444878,35856,0,(I)5(F)2(R)1(I)8,0.8125,0.0,0.0,12.5,0.0,0.0,0.45714285714285713,0.0,0.0,0.05714285714285714,0.0,0.02857142857142857,0.37142857142857144,0.0,[]
88,,Mon Sep 14 20:08:00 EDT 2020,ModelFactory.java,1600128480797,1538,1538,(I)10(R)4(I)11,0.84,0.0,0.0,0.0,0.0,0.0,25.0,0.0,0.0,0.0,0.0,4.0,21.0,0.0,[]
89,,Mon Sep 14 20:08:02 EDT 2020,ModelFactory.java,1600128482336,2278,2278,(I)25,1.0,0.0,0.0,0.0,0.0,0.0,12.5,0.0,0.0,0.0,0.0,0.0,12.5,0.0,[]
90,,Mon Sep 14 20:08:04 EDT 2020,ModelFactory.java,1600128484757,1528,1528,(I)25,1.0,0.0,0.0,0.0,0.0,0.0,25.0,0.0,0.0,0.0,0.0,0.0,25.0,0.0,[]
91,,Mon Sep 14 20:08:06 EDT 2020,ModelFactory.java,1600128486286,8490,8490,(I)25,1.0,0.0,0.0,0.0,0.0,0.0,3.125,0.0,0.0,0.0,0.0,0.0,3.125,0.0,[]
92,,Mon Sep 14 20:08:14 EDT 2020,ModelFactory.java,1600128494822,3223,3223,(I)3(R)8(I)1(R)8(I)5,0.36,0.0,0.0,0.0,0.0,0.0,8.333333333333334,0.0,0.0,0.0,0.0,5.333333333333333,3.0,0.0,[]
93,,Mon Sep 14 20:08:18 EDT 2020,ModelFactory.java,1600128498790,2833,2833,(I)24,1.0,0.0,0.0,0.0,0.0,0.0,12.0,0.0,0.0,0.0,0.0,0.0,12.0,0.0,[]
94,,Mon Sep 14 20:08:21 EDT 2020,BasicModel.java,1600128501710,-689,-689,(I)3(R)1(I)1(R)1(I)2(F)4(I)1(F)1(I)9,0.6956521739130435,0.0,0.0,21.73913043478261,0.0,0.0,0.0,0.0,0.0,0.0,0.0,null,0.0,0.0,[]
95,,Mon Sep 14 20:08:21 EDT 2020,DerivedModel.java,1600128501128,135075,0,(I)8(R)1(I)1(R)1(I)2(F)1(I)2(F)2(I)2,0.75,0.0,0.0,15.0,0.0,0.0,0.14814814814814814,0.0,0.0,0.022222222222222223,0.0,0.014814814814814815,0.1111111111111111,0.0,[]
96,,Mon Sep 14 20:10:36 EDT 2020,SocialDistancingModel.java,1600128636268,16579,0,(I)20,1.0,0.0,0.0,0.0,0.0,0.0,1.25,0.0,0.0,0.0,0.0,0.0,1.25,0.0,[]
97,,Mon Sep 14 20:10:52 EDT 2020,SocialDistancingModel.java,1600128652909,16291,0,(I)5(F)1,0.8333333333333334,0.0,0.0,16.666666666666664,0.0,0.0,0.375,0.0,0.0,0.0625,0.0,0.0,0.3125,0.0,[]
98,,Mon Sep 14 20:11:11 EDT 2020,SocialDistancingModel.java,1600128671998,7055,7055,(I)1(F)1(I)18(R)1,0.9047619047619048,0.0,0.0,4.761904761904762,0.0,0.0,3.0,0.0,0.0,0.14285714285714285,0.0,0.14285714285714285,2.7142857142857144,0.0,[]
99,,Mon Sep 14 20:11:19 EDT 2020,SocialDistancingModel.java,1600128679533,7973,7973,(I)23(F)1,0.9583333333333334,0.0,0.0,4.166666666666666,0.0,0.0,3.4285714285714284,0.0,0.0,0.14285714285714285,0.0,0.0,3.2857142857142856,0.0,[]
100,,Mon Sep 14 20:10:53 EDT 2020,SocialDistancingModel.java,1600128653149,55475,0,(I)1(F)1(I)14(R)2,0.8333333333333334,0.0,0.0,5.555555555555555,0.0,0.0,0.32727272727272727,0.0,0.0,0.01818181818181818,0.0,0.03636363636363636,0.2727272727272727,0.0,[]
101,,Mon Sep 14 20:11:48 EDT 2020,SocialDistancingModel.java,1600128708918,17042,0,(I)9(R)4(I)4,0.7647058823529411,0.0,0.0,0.0,0.0,0.0,1.0,0.0,0.0,0.0,0.0,0.23529411764705882,0.7647058823529411,0.0,[]
102,,Mon Sep 14 20:12:06 EDT 2020,SocialDistancingModel.java,1600128726030,2376,2376,(I)3(R)4(I)8(R)3(I)5,0.6956521739130435,0.0,0.0,0.0,0.0,0.0,11.5,0.0,0.0,0.0,0.0,3.5,8.0,0.0,[]
103,,Mon Sep 14 20:12:08 EDT 2020,SocialDistancingModel.java,1600128728494,4496,4496,(I)11,1.0,0.0,0.0,0.0,0.0,0.0,2.75,0.0,0.0,0.0,0.0,0.0,2.75,0.0,[]
104,,Mon Sep 14 20:12:13 EDT 2020,SocialDistancingModel.java,1600128733054,-127,-127,(I)2(F)2(I)2(R)3(I)14,0.782608695652174,0.0,0.0,8.695652173913043,0.0,0.0,0.0,0.0,0.0,0.0,0.0,null,0.0,0.0,[]
105,,Mon Sep 14 20:12:12 EDT 2020,SocialDistancingModel.java,1600128732990,5939,5939,(I)14(R)1(I)10,0.96,0.0,0.0,0.0,0.0,0.0,5.0,0.0,0.0,0.0,0.0,0.2,4.8,0.0,[]
106,,Mon Sep 14 20:12:19 EDT 2020,SocialDistancingModel.java,1600128739096,526,526,(I)11(R)1(I)13,0.96,0.0,0.0,0.0,0.0,0.0,0.0,0.0,0.0,0.0,0.0,null,0.0,0.0,[]
107,,Mon Sep 14 20:12:19 EDT 2020,SocialDistancingModel.java,1600128739686,291,291,(I)25,1.0,0.0,0.0,0.0,0.0,0.0,0.0,0.0,0.0,0.0,0.0,null,0.0,0.0,[]
108,,Mon Sep 14 20:12:20 EDT 2020,SocialDistancingModel.java,1600128740046,12067,0,(I)25,1.0,0.0,0.0,0.0,0.0,0.0,2.0833333333333335,0.0,0.0,0.0,0.0,0.0,2.0833333333333335,0.0,[]
109,,Mon Sep 14 20:12:32 EDT 2020,InterpolatingModel.java,1600128752272,4567,4567,(I)14(R)2(I)9,0.92,0.0,0.0,0.0,0.0,0.0,6.25,0.0,0.0,0.0,0.0,0.5,5.75,0.0,[]
110,,Mon Sep 14 20:12:37 EDT 2020,AbstractModel.java,1600128757038,67657,0,(I)7(R)1(I)6(F)2(I)2(F)2(I)1,0.7619047619047619,0.0,0.0,19.047619047619047,0.0,0.0,0.31343283582089554,0.0,0.0,0.05970149253731343,0.0,0.014925373134328358,0.23880597014925373,0.0,[]
111,,Mon Sep 14 20:13:45 EDT 2020,SocialDistancingController.java,1600128825045,90885,0,(I)3(F)1(I)2(F)1(I)2(F)4(I)1(F)2,0.5,0.0,0.0,50.0,0.0,0.0,0.17777777777777778,0.0,0.0,0.08888888888888889,0.0,0.0,0.08888888888888889,0.0,[]
112,,Mon Sep 14 20:15:26 EDT 2020,SocialDistancingController.java,1600128926906,5510,5510,(I)24(F)1,0.96,0.0,0.0,4.0,0.0,0.0,5.0,0.0,0.0,0.2,0.0,0.0,4.8,0.0,[]
113,,Mon Sep 14 20:15:28 EDT 2020,SocialDistancingController.java,1600128928145,16213,0,(I)19(F)1(I)4(R)1,0.92,0.0,0.0,4.0,0.0,0.0,1.5625,0.0,0.0,0.0625,0.0,0.0625,1.4375,0.0,[]
114,,Mon Sep 14 20:15:44 EDT 2020,ConsoleSocialDistancingController.java,1600128944359,69560,0,(R)6(F)4(I)13,0.5652173913043478,0.0,0.0,17.391304347826086,0.0,0.0,0.3333333333333333,0.0,0.0,0.057971014492753624,0.0,0.08695652173913043,0.18840579710144928,0.0,[]
115,,Mon Sep 14 20:16:54 EDT 2020,ConsoleSocialDistancingController.java,1600129014080,86,86,(I)14(R)1(I)9,0.9583333333333334,0.0,0.0,0.0,0.0,0.0,0.0,0.0,0.0,0.0,0.0,null,0.0,0.0,[]
116,,Mon Sep 14 20:16:54 EDT 2020,ConsoleSocialDistancingController.java,1600129014209,3248,3248,(I)25,1.0,0.0,0.0,0.0,0.0,0.0,8.333333333333334,0.0,0.0,0.0,0.0,0.0,8.333333333333334,0.0,[]
117,,Mon Sep 14 20:16:57 EDT 2020,ConsoleSocialDistancingController.java,1600129017458,14712,0,(I)25,1.0,0.0,0.0,0.0,0.0,0.0,1.7857142857142858,0.0,0.0,0.0,0.0,0.0,1.7857142857142858,0.0,[]
118,,Mon Sep 14 20:17:12 EDT 2020,ConsoleSocialDistancingController.java,1600129032290,35349,0,(I)2(F)6(I)3(R)1(I)2(R)3(I)5(F)1,0.5217391304347826,0.0,0.0,30.434782608695656,0.0,0.0,0.6571428571428571,0.0,0.0,0.2,0.0,0.11428571428571428,0.34285714285714286,0.0,[]
119,,Mon Sep 14 20:17:50 EDT 2020,ConsoleSocialDistancingController.java,1600129070983,9937,9937,(F)1(I)7(R)1(I)2(R)4(I)1(R)1(I)2(R)1(I)3,0.6521739130434783,0.0,0.0,4.3478260869565215,0.0,0.0,2.5555555555555554,0.0,0.0,0.1111111111111111,0.0,0.7777777777777778,1.6666666666666667,0.0,[]
120,,Mon Sep 14 20:18:01 EDT 2020,ConsoleSocialDistancingController.java,1600129081073,39702,0,(I)6(F)1(I)2(R)1(I)9(F)1(I)4,0.875,0.0,0.0,8.333333333333332,0.0,0.0,0.6153846153846154,0.0,0.0,0.05128205128205128,0.0,0.02564102564102564,0.5384615384615384,0.0,[]
121,,Mon Sep 14 20:18:40 EDT 2020,ConsoleSocialDistancingController.java,1600129120878,1984,1984,(I)18(R)3(I)1,0.8636363636363636,0.0,0.0,0.0,0.0,0.0,22.0,0.0,0.0,0.0,0.0,3.0,19.0,0.0,[]
122,,Mon Sep 14 20:18:42 EDT 2020,ConsoleSocialDistancingController.java,1600129122946,4998,4998,(I)22,1.0,0.0,0.0,0.0,0.0,0.0,5.5,0.0,0.0,0.0,0.0,0.0,5.5,0.0,[]
123,,Mon Sep 14 20:18:48 EDT 2020,ConsoleSocialDistancingController.java,1600129128031,63,63,(I)25,1.0,0.0,0.0,0.0,0.0,0.0,0.0,0.0,0.0,0.0,0.0,null,0.0,0.0,[]
124,,Mon Sep 14 20:18:48 EDT 2020,ConsoleSocialDistancingController.java,1600129128198,6059,6059,(I)18(F)1(I)1(F)1(I)2(R)2,0.84,0.0,0.0,8.0,0.0,0.0,4.166666666666667,0.0,0.0,0.3333333333333333,0.0,0.3333333333333333,3.5,0.0,[]
125,,Mon Sep 14 20:18:54 EDT 2020,ConsoleSocialDistancingController.java,1600129134511,986,986,(I)25,1.0,0.0,0.0,0.0,0.0,0.0,0.0,0.0,0.0,0.0,0.0,null,0.0,0.0,[]
126,,Mon Sep 14 20:18:55 EDT 2020,ConsoleSocialDistancingController.java,1600129135498,943,943,(I)20(F)4(I)1,0.84,0.0,0.0,16.0,0.0,0.0,0.0,0.0,0.0,0.0,0.0,null,0.0,0.0,[]
127,,Mon Sep 14 20:19:42 EDT 2020,ConsoleSocialDistancingController.java,1600129182865,8502,8502,(I)7(R)2(I)16,0.92,0.0,0.0,0.0,0.0,0.0,3.125,0.0,0.0,0.0,0.0,0.25,2.875,0.0,[]
128,,Mon Sep 14 20:19:51 EDT 2020,ConsoleSocialDistancingController.java,1600129191679,1400,1400,(I)10(R)4(I)11,0.84,0.0,0.0,0.0,0.0,0.0,25.0,0.0,0.0,0.0,0.0,4.0,21.0,0.0,[]
129,,Mon Sep 14 20:19:53 EDT 2020,ConsoleSocialDistancingController.java,1600129193080,1928,1928,(I)25,1.0,0.0,0.0,0.0,0.0,0.0,25.0,0.0,0.0,0.0,0.0,0.0,25.0,0.0,[]
130,,Mon Sep 14 20:19:55 EDT 2020,ConsoleSocialDistancingController.java,1600129195032,4145,4145,(I)10(R)6(I)4,0.7,0.0,0.0,0.0,0.0,0.0,5.0,0.0,0.0,0.0,0.0,1.5,3.5,0.0,[]
131,,Mon Sep 14 20:19:59 EDT 2020,ConsoleSocialDistancingController.java,1600129199360,15759,0,(I)2(F)1(R)1(I)4(F)1(I)14,0.8695652173913043,0.0,0.0,8.695652173913043,0.0,0.0,1.5333333333333334,0.0,0.0,0.13333333333333333,0.0,0.06666666666666667,1.3333333333333333,0.0,[]
132,,Mon Sep 14 20:20:15 EDT 2020,ConsoleSocialDistancingController.java,1600129215223,10040,0,(I)21,1.0,0.0,0.0,0.0,0.0,0.0,2.1,0.0,0.0,0.0,0.0,0.0,2.1,0.0,[]
133,,Mon Sep 14 20:20:25 EDT 2020,ConsoleSocialDistancingController.java,1600129225264,11906,0,(I)25,1.0,0.0,0.0,0.0,0.0,0.0,2.272727272727273,0.0,0.0,0.0,0.0,0.0,2.272727272727273,0.0,[]
134,,Mon Sep 14 20:20:37 EDT 2020,ConsoleSocialDistancingController.java,1600129237712,8976,8976,(I)20(R)1(I)1(R)1(I)2,0.92,0.0,0.0,0.0,0.0,0.0,3.125,0.0,0.0,0.0,0.0,0.25,2.875,0.0,[]
135,,Mon Sep 14 20:20:46 EDT 2020,ConsoleSocialDistancingController.java,1600129246856,2889,2889,(I)13(R)1(I)1(R)1(I)7(R)1,0.875,0.0,0.0,0.0,0.0,0.0,12.0,0.0,0.0,0.0,0.0,1.5,10.5,0.0,[]
136,,Mon Sep 14 20:20:50 EDT 2020,ConsoleSocialDistancingController.java,1600129250245,574,574,(R)25,0.0,0.0,0.0,0.0,0.0,0.0,0.0,0.0,0.0,0.0,0.0,null,0.0,0.0,[]
137,,Mon Sep 14 20:20:50 EDT 2020,ConsoleSocialDistancingController.java,1600129250850,1070,1070,(R)24(I)1,0.04,0.0,0.0,0.0,0.0,0.0,25.0,0.0,0.0,0.0,0.0,24.0,1.0,0.0,[]
138,,Mon Sep 14 20:20:52 EDT 2020,ConsoleSocialDistancingController.java,1600129252008,496,496,(I)2(R)2(I)3(R)3(I)14(R)1,0.76,0.0,0.0,0.0,0.0,0.0,0.0,0.0,0.0,0.0,0.0,null,0.0,0.0,[]
139,,Mon Sep 14 20:20:52 EDT 2020,ConsoleSocialDistancingController.java,1600129252770,4055,4055,(R)2(I)23,0.92,0.0,0.0,0.0,0.0,0.0,6.25,0.0,0.0,0.0,0.0,0.5,5.75,0.0,[]
140,,Mon Sep 14 20:20:57 EDT 2020,ConsoleSocialDistancingController.java,1600129257017,1463,1463,(I)21(R)1(I)3,0.96,0.0,0.0,0.0,0.0,0.0,25.0,0.0,0.0,0.0,0.0,1.0,24.0,0.0,[]
141,,Mon Sep 14 20:20:58 EDT 2020,ConsoleSocialDistancingController.java,1600129258658,6094,6094,(I)15(R)3(I)1(R)2(I)2,0.782608695652174,0.0,0.0,0.0,0.0,0.0,3.8333333333333335,0.0,0.0,0.0,0.0,0.8333333333333334,3.0,0.0,[]
142,,Mon Sep 14 20:21:04 EDT 2020,ConsoleSocialDistancingController.java,1600129264839,345,345,(I)25,1.0,0.0,0.0,0.0,0.0,0.0,0.0,0.0,0.0,0.0,0.0,null,0.0,0.0,[]
143,,Mon Sep 14 20:21:05 EDT 2020,ConsoleSocialDistancingController.java,1600129265249,6451,6451,(I)14(R)11,0.56,0.0,0.0,0.0,0.0,0.0,4.166666666666667,0.0,0.0,0.0,0.0,1.8333333333333333,2.3333333333333335,0.0,[]
144,,Mon Sep 14 20:21:11 EDT 2020,ConsoleSocialDistancingController.java,1600129271731,3398,3398,(R)5(I)1(R)1(I)1(R)9(I)7,0.375,0.0,0.0,0.0,0.0,0.0,8.0,0.0,0.0,0.0,0.0,5.0,3.0,0.0,[]
145,,Mon Sep 14 20:21:15 EDT 2020,ConsoleSocialDistancingController.java,1600129275193,646,646,(I)25,1.0,0.0,0.0,0.0,0.0,0.0,0.0,0.0,0.0,0.0,0.0,null,0.0,0.0,[]
146,,Mon Sep 14 20:21:15 EDT 2020,ConsoleSocialDistancingController.java,1600129275881,3882,3882,(I)25,1.0,0.0,0.0,0.0,0.0,0.0,8.333333333333334,0.0,0.0,0.0,0.0,0.0,8.333333333333334,0.0,[]
147,,Mon Sep 14 20:21:19 EDT 2020,ConsoleSocialDistancingController.java,1600129279969,19046,0,(I)1(F)2(I)17(R)2(I)2,0.8333333333333334,0.0,0.0,8.333333333333332,0.0,0.0,1.263157894736842,0.0,0.0,0.10526315789473684,0.0,0.10526315789473684,1.0526315789473684,0.0,[]
148,,Mon Sep 14 20:21:39 EDT 2020,ConsoleSocialDistancingController.java,1600129299175,3687,3687,(I)2(R)4(I)2(R)1(I)7(R)6,0.5,0.0,0.0,0.0,0.0,0.0,7.333333333333333,0.0,0.0,0.0,0.0,3.6666666666666665,3.6666666666666665,0.0,[]
149,,Mon Sep 14 20:21:43 EDT 2020,ConsoleSocialDistancingController.java,1600129303174,5017,5017,(R)2(I)1(R)1(I)7(R)7(I)4(R)3,0.48,0.0,0.0,0.0,0.0,0.0,5.0,0.0,0.0,0.0,0.0,2.6,2.4,0.0,[]
150,,Mon Sep 14 20:21:49 EDT 2020,ConsoleSocialDistancingController.java,1600129309377,4663,4663,(I)25,1.0,0.0,0.0,0.0,0.0,0.0,6.25,0.0,0.0,0.0,0.0,0.0,6.25,0.0,[]
151,,Mon Sep 14 20:21:57 EDT 2020,ConsoleSocialDistancingController.java,1600129317530,4272,4272,(I)23(R)1(I)1,0.96,0.0,0.0,0.0,0.0,0.0,6.25,0.0,0.0,0.0,0.0,0.25,6.0,0.0,[]
152,,Mon Sep 14 20:22:02 EDT 2020,ConsoleSocialDistancingController.java,1600129322023,143,143,(I)2(R)1(I)19(F)1(I)1,0.9166666666666666,0.0,0.0,4.166666666666666,0.0,0.0,0.0,0.0,0.0,0.0,0.0,null,0.0,0.0,[]
153,,Mon Sep 14 20:22:02 EDT 2020,ConsoleSocialDistancingController.java,1600129322254,15403,0,(I)19(F)1(I)5,0.96,0.0,0.0,4.0,0.0,0.0,1.6666666666666667,0.0,0.0,0.06666666666666667,0.0,0.0,1.6,0.0,[]
154,,Mon Sep 14 20:22:17 EDT 2020,ConsoleSocialDistancingController.java,1600129337889,10224,0,(I)14(R)1(I)2(F)2(I)4,0.8695652173913043,0.0,0.0,8.695652173913043,0.0,0.0,2.3,0.0,0.0,0.2,0.0,0.1,2.0,0.0,[]
155,,Mon Sep 14 20:22:28 EDT 2020,ConsoleSocialDistancingController.java,1600129348176,25830,0,(I)2(R)1(I)22,0.96,0.0,0.0,0.0,0.0,0.0,1.0,0.0,0.0,0.0,0.0,0.04,0.96,0.0,[]
156,,Mon Sep 14 20:22:54 EDT 2020,ConsoleSocialDistancingController.java,1600129374008,2178,2178,(I)25,1.0,0.0,0.0,0.0,0.0,0.0,12.5,0.0,0.0,0.0,0.0,0.0,12.5,0.0,[]
157,,Mon Sep 14 20:22:56 EDT 2020,ConsoleSocialDistancingController.java,1600129376335,3961,3961,(I)11(R)12,0.4782608695652174,0.0,0.0,0.0,0.0,0.0,7.666666666666667,0.0,0.0,0.0,0.0,4.0,3.6666666666666665,0.0,[]
158,,Mon Sep 14 20:23:00 EDT 2020,ConsoleSocialDistancingController.java,1600129380583,4873,4873,(R)4(I)19,0.8260869565217391,0.0,0.0,0.0,0.0,0.0,5.75,0.0,0.0,0.0,0.0,1.0,4.75,0.0,[]
159,,Mon Sep 14 20:23:05 EDT 2020,ConsoleSocialDistancingController.java,1600129385905,2663,2663,(I)17(R)4,0.8095238095238095,0.0,0.0,0.0,0.0,0.0,10.5,0.0,0.0,0.0,0.0,2.0,8.5,0.0,[]
160,,Mon Sep 14 20:23:08 EDT 2020,ConsoleSocialDistancingController.java,1600129388913,3366,3366,(I)2(R)4(I)19,0.84,0.0,0.0,0.0,0.0,0.0,8.333333333333334,0.0,0.0,0.0,0.0,1.3333333333333333,7.0,0.0,[]
161,,Mon Sep 14 20:23:12 EDT 2020,SocialDistancingController.java,1600129392280,37008,0,(I)10(F)1(I)1(F)1(I)11,0.9166666666666666,0.0,0.0,8.333333333333332,0.0,0.0,0.6486486486486487,0.0,0.0,0.05405405405405406,0.0,0.0,0.5945945945945946,0.0,[]
162,,Mon Sep 14 20:23:49 EDT 2020,SocialDistancingController.java,1600129429391,426,426,(I)10(F)1(I)13,0.9583333333333334,0.0,0.0,4.166666666666666,0.0,0.0,0.0,0.0,0.0,0.0,0.0,null,0.0,0.0,[]
163,,Mon Sep 14 20:23:49 EDT 2020,ConsoleSocialDistancingController.java,1600129429904,29696,0,(I)5(F)1(I)2(R)2(I)11,0.8571428571428571,0.0,0.0,4.761904761904762,0.0,0.0,0.7241379310344828,0.0,0.0,0.034482758620689655,0.0,0.06896551724137931,0.6206896551724138,0.0,[]
164,,Mon Sep 14 20:24:19 EDT 2020,ConsoleSocialDistancingController.java,1600129459688,-1,-1,(I)18,1.0,0.0,0.0,0.0,0.0,0.0,0.0,0.0,0.0,0.0,0.0,null,0.0,0.0,[]
165,,Mon Sep 14 20:24:20 EDT 2020,ConsoleSocialDistancingController.java,1600129460479,6755,6755,(I)24,1.0,0.0,0.0,0.0,0.0,0.0,4.0,0.0,0.0,0.0,0.0,0.0,4.0,0.0,[]
166,,Mon Sep 14 20:24:27 EDT 2020,ConsoleSocialDistancingController.java,1600129467626,2833,2833,(I)3(R)1(I)8(R)1(I)5,0.8888888888888888,0.0,0.0,0.0,0.0,0.0,9.0,0.0,0.0,0.0,0.0,1.0,8.0,0.0,[]
167,,Mon Sep 14 20:24:31 EDT 2020,ConsoleSocialDistancingController.java,1600129471329,423,423,(I)23,1.0,0.0,0.0,0.0,0.0,0.0,0.0,0.0,0.0,0.0,0.0,null,0.0,0.0,[]
168,,Mon Sep 14 20:24:32 EDT 2020,ConsoleSocialDistancingController.java,1600129472930,22013,0,(I)24,1.0,0.0,0.0,0.0,0.0,0.0,1.0909090909090908,0.0,0.0,0.0,0.0,0.0,1.0909090909090908,0.0,[]
169,,Mon Sep 14 20:24:55 EDT 2020,ConsoleSocialDistancingController.java,1600129495601,3430,3430,(I)25,1.0,0.0,0.0,0.0,0.0,0.0,8.333333333333334,0.0,0.0,0.0,0.0,0.0,8.333333333333334,0.0,[]
170,,Mon Sep 14 20:24:59 EDT 2020,ConsoleSocialDistancingController.java,1600129499360,20776,0,(I)4(R)1(I)20,0.96,0.0,0.0,0.0,0.0,0.0,1.25,0.0,0.0,0.0,0.0,0.05,1.2,0.0,[]
171,,Mon Sep 14 20:25:12 EDT 2020,ConsoleSocialDistancingController.java,1600129512829,9499,9499,(I)1(R)1(I)23,0.96,0.0,0.0,0.0,0.0,0.0,2.7777777777777777,0.0,0.0,0.0,0.0,0.1111111111111111,2.6666666666666665,0.0,[]
172,,Mon Sep 14 20:25:22 EDT 2020,ConsoleSocialDistancingController.java,1600129522416,528,528,(I)8(R)1(I)16,0.96,0.0,0.0,0.0,0.0,0.0,0.0,0.0,0.0,0.0,0.0,null,0.0,0.0,[]
173,,Mon Sep 14 20:25:23 EDT 2020,ConsoleSocialDistancingController.java,1600129523008,11543,0,(I)3(R)1(I)12(R)3(I)2,0.8095238095238095,0.0,0.0,0.0,0.0,0.0,1.9090909090909092,0.0,0.0,0.0,0.0,0.36363636363636365,1.5454545454545454,0.0,[]
174,,Mon Sep 14 20:25:34 EDT 2020,ConsoleSocialDistancingController.java,1600129534719,5186,5186,(I)8(R)1(I)11(R)2(I)2,0.875,0.0,0.0,0.0,0.0,0.0,4.8,0.0,0.0,0.0,0.0,0.6,4.2,0.0,[]
175,,Mon Sep 14 20:25:39 EDT 2020,ConsoleSocialDistancingController.java,1600129539946,3031,3031,(I)8(R)2(I)15,0.92,0.0,0.0,0.0,0.0,0.0,8.333333333333334,0.0,0.0,0.0,0.0,0.6666666666666666,7.666666666666667,0.0,[]
176,,Mon Sep 14 20:25:43 EDT 2020,ConsoleSocialDistancingController.java,1600129543176,2360,2360,(I)25,1.0,0.0,0.0,0.0,0.0,0.0,12.5,0.0,0.0,0.0,0.0,0.0,12.5,0.0,[]
177,,Mon Sep 14 20:25:45 EDT 2020,ConsoleSocialDistancingController.java,1600129545537,6272,6272,(I)24,1.0,0.0,0.0,0.0,0.0,0.0,4.0,0.0,0.0,0.0,0.0,0.0,4.0,0.0,[]
178,,Mon Sep 14 20:25:51 EDT 2020,ConsoleSocialDistancingController.java,1600129551811,2094,2094,(I)17(R)6,0.7391304347826086,0.0,0.0,0.0,0.0,0.0,11.5,0.0,0.0,0.0,0.0,3.0,8.5,0.0,[]
179,,Mon Sep 14 20:25:54 EDT 2020,ConsoleSocialDistancingController.java,1600129554160,3551,3551,(I)2(R)8(I)14,0.6666666666666666,0.0,0.0,0.0,0.0,0.0,8.0,0.0,0.0,0.0,0.0,2.6666666666666665,5.333333333333333,0.0,[]
180,,Mon Sep 14 20:25:57 EDT 2020,ConsoleSocialDistancingController.java,1600129557824,3279,3279,(I)2(R)8(I)13,0.6521739130434783,0.0,0.0,0.0,0.0,0.0,7.666666666666667,0.0,0.0,0.0,0.0,2.6666666666666665,5.0,0.0,[]
181,,Mon Sep 14 20:26:01 EDT 2020,ConsoleSocialDistancingController.java,1600129561231,10504,0,(I)20,1.0,0.0,0.0,0.0,0.0,0.0,2.0,0.0,0.0,0.0,0.0,0.0,2.0,0.0,[]
182,,Mon Sep 14 20:26:11 EDT 2020,ConsoleSocialDistancingController.java,1600129571871,3936,3936,(I)3(R)6,0.3333333333333333,0.0,0.0,0.0,0.0,0.0,3.0,0.0,0.0,0.0,0.0,2.0,1.0,0.0,[]
183,,Mon Sep 14 20:26:17 EDT 2020,ConsoleSocialDistancingController.java,1600129577513,6487,6487,(I)19(R)1,0.95,0.0,0.0,0.0,0.0,0.0,3.3333333333333335,0.0,0.0,0.0,0.0,0.16666666666666666,3.1666666666666665,0.0,[]
184,,Mon Sep 14 20:26:24 EDT 2020,ConsoleSocialDistancingController.java,1600129584500,7797,7797,(R)11(I)10,0.47619047619047616,0.0,0.0,0.0,0.0,0.0,3.0,0.0,0.0,0.0,0.0,1.5714285714285714,1.4285714285714286,0.0,[]
185,,Mon Sep 14 20:26:32 EDT 2020,ConsoleSocialDistancingController.java,1600129592465,-1677,-1677,(I)10(R)4,0.7142857142857143,0.0,0.0,0.0,0.0,0.0,0.0,0.0,0.0,0.0,0.0,null,0.0,0.0,[]
186,,Mon Sep 14 20:26:30 EDT 2020,ConsoleSocialDistancingController.java,1600129590867,15658,0,(R)3(I)17(F)2(I)3,0.8,0.0,0.0,8.0,0.0,0.0,1.6666666666666667,0.0,0.0,0.13333333333333333,0.0,0.2,1.3333333333333333,0.0,[]
187,,Mon Sep 14 20:26:47 EDT 2020,InterpolatingModel.java,1600129607414,-5490,-5490,(R)1(F)2(I)9(F)4(I)1(R)1(F)3(I)2,0.5217391304347826,0.0,0.0,39.130434782608695,0.0,0.0,0.0,0.0,0.0,0.0,0.0,null,0.0,0.0,[]
188,,Mon Sep 14 20:26:47 EDT 2020,InterpolatingModel.java,1600129607411,157335,0,(R)1(I)10(R)1(F)1(I)6,0.8421052631578947,0.0,0.0,5.263157894736842,0.0,0.0,0.12101910828025478,0.0,0.0,0.006369426751592357,0.0,0.012738853503184714,0.10191082802547771,0.0,[]
189,,Mon Sep 14 20:29:27 EDT 2020,DerivedModel.java,1600129767484,31339,0,(I)10(F)3(I)2(R)5,0.6,0.0,0.0,15.0,0.0,0.0,0.6451612903225806,0.0,0.0,0.0967741935483871,0.0,0.16129032258064516,0.3870967741935484,0.0,[]
190,,Mon Sep 14 20:29:59 EDT 2020,SocialDistancingModel.java,1600129799152,5976,5976,(R)1(F)1(I)1(R)6(I)11,0.6,0.0,0.0,5.0,0.0,0.0,4.0,0.0,0.0,0.2,0.0,1.4,2.4,0.0,[]
191,,Mon Sep 14 20:30:05 EDT 2020,SocialDistancingModel.java,1600129805192,5672,5672,(I)25,1.0,0.0,0.0,0.0,0.0,0.0,5.0,0.0,0.0,0.0,0.0,0.0,5.0,0.0,[]
192,,Mon Sep 14 20:30:10 EDT 2020,SocialDistancingModel.java,1600129810865,1399,1399,(I)25,1.0,0.0,0.0,0.0,0.0,0.0,25.0,0.0,0.0,0.0,0.0,0.0,25.0,0.0,[]
193,,Mon Sep 14 20:30:12 EDT 2020,SocialDistancingModel.java,1600129812345,1351,1351,(I)25,1.0,0.0,0.0,0.0,0.0,0.0,25.0,0.0,0.0,0.0,0.0,0.0,25.0,0.0,[]
194,,Mon Sep 14 20:30:13 EDT 2020,SocialDistancingModel.java,1600129813697,2104,2104,(I)25,1.0,0.0,0.0,0.0,0.0,0.0,12.5,0.0,0.0,0.0,0.0,0.0,12.5,0.0,[]
195,,Mon Sep 14 20:30:15 EDT 2020,SocialDistancingModel.java,1600129815864,1719,1719,(I)8(R)17,0.32,0.0,0.0,0.0,0.0,0.0,25.0,0.0,0.0,0.0,0.0,17.0,8.0,0.0,[]
196,,Mon Sep 14 20:30:17 EDT 2020,SocialDistancingModel.java,1600129817584,368,368,(R)25,0.0,0.0,0.0,0.0,0.0,0.0,0.0,0.0,0.0,0.0,0.0,null,0.0,0.0,[]
197,,Mon Sep 14 20:30:17 EDT 2020,SocialDistancingModel.java,1600129817981,365,365,(R)25,0.0,0.0,0.0,0.0,0.0,0.0,0.0,0.0,0.0,0.0,0.0,null,0.0,0.0,[]
198,,Mon Sep 14 20:30:18 EDT 2020,SocialDistancingModel.java,1600129818347,1317,1317,(R)17(I)8,0.32,0.0,0.0,0.0,0.0,0.0,25.0,0.0,0.0,0.0,0.0,17.0,8.0,0.0,[]
199,,Mon Sep 14 20:30:19 EDT 2020,SocialDistancingModel.java,1600129819728,970,970,(I)25,1.0,0.0,0.0,0.0,0.0,0.0,0.0,0.0,0.0,0.0,0.0,null,0.0,0.0,[]
200,,Mon Sep 14 20:30:20 EDT 2020,SocialDistancingModel.java,1600129820698,1143,1143,(I)25,1.0,0.0,0.0,0.0,0.0,0.0,25.0,0.0,0.0,0.0,0.0,0.0,25.0,0.0,[]
201,,Mon Sep 14 20:30:21 EDT 2020,SocialDistancingModel.java,1600129821904,3040,3040,(I)25,1.0,0.0,0.0,0.0,0.0,0.0,8.333333333333334,0.0,0.0,0.0,0.0,0.0,8.333333333333334,0.0,[]
202,,Mon Sep 14 20:30:24 EDT 2020,AbstractModel.java,1600129824945,12702,0,(I)18(R)5,0.782608695652174,0.0,0.0,0.0,0.0,0.0,1.9166666666666667,0.0,0.0,0.0,0.0,0.4166666666666667,1.5,0.0,[]
203,,Mon Sep 14 20:30:37 EDT 2020,AbstractModel.java,1600129837648,6218,6218,(R)2(I)23,0.92,0.0,0.0,0.0,0.0,0.0,4.166666666666667,0.0,0.0,0.0,0.0,0.3333333333333333,3.8333333333333335,0.0,[]
204,,Mon Sep 14 20:30:43 EDT 2020,AbstractModel.java,1600129843912,209,209,(I)1(R)1(I)23,0.96,0.0,0.0,0.0,0.0,0.0,0.0,0.0,0.0,0.0,0.0,null,0.0,0.0,[]
205,,Mon Sep 14 20:30:44 EDT 2020,AbstractModel.java,1600129844125,2004,2004,(I)25,1.0,0.0,0.0,0.0,0.0,0.0,12.5,0.0,0.0,0.0,0.0,0.0,12.5,0.0,[]
206,,Mon Sep 14 20:30:46 EDT 2020,AbstractModel.java,1600129846210,1295,1295,(I)25,1.0,0.0,0.0,0.0,0.0,0.0,25.0,0.0,0.0,0.0,0.0,0.0,25.0,0.0,[]
207,,Mon Sep 14 20:30:47 EDT 2020,AbstractModel.java,1600129847505,1738,1738,(I)25,1.0,0.0,0.0,0.0,0.0,0.0,25.0,0.0,0.0,0.0,0.0,0.0,25.0,0.0,[]
208,,Mon Sep 14 20:30:49 EDT 2020,AbstractModel.java,1600129849313,1577,1577,(I)24,1.0,0.0,0.0,0.0,0.0,0.0,24.0,0.0,0.0,0.0,0.0,0.0,24.0,0.0,[]
209,,Mon Sep 14 20:30:51 EDT 2020,AbstractModel.java,1600129851035,22246,0,(I)1(F)2(I)6(R)1(I)14,0.875,0.0,0.0,8.333333333333332,0.0,0.0,1.0909090909090908,0.0,0.0,0.09090909090909091,0.0,0.045454545454545456,0.9545454545454546,0.0,[]
210,,Mon Sep 14 20:31:13 EDT 2020,AbstractModel.java,1600129873345,87,87,(I)7(R)2(I)16,0.92,0.0,0.0,0.0,0.0,0.0,0.0,0.0,0.0,0.0,0.0,null,0.0,0.0,[]
211,,Mon Sep 14 20:31:13 EDT 2020,AbstractModel.java,1600129873538,42103,0,(I)9(F)2(I)14,0.92,0.0,0.0,8.0,0.0,0.0,0.5952380952380952,0.0,0.0,0.047619047619047616,0.0,0.0,0.5476190476190477,0.0,[]
212,,Mon Sep 14 20:31:55 EDT 2020,AbstractModel.java,1600129915705,1721,1721,(I)25,1.0,0.0,0.0,0.0,0.0,0.0,25.0,0.0,0.0,0.0,0.0,0.0,25.0,0.0,[]
213,,Mon Sep 14 20:31:57 EDT 2020,AbstractModel.java,1600129917427,2056,2056,(I)25,1.0,0.0,0.0,0.0,0.0,0.0,12.5,0.0,0.0,0.0,0.0,0.0,12.5,0.0,[]
214,,Mon Sep 14 20:31:59 EDT 2020,AbstractModel.java,1600129919608,1464,1464,(I)25,1.0,0.0,0.0,0.0,0.0,0.0,25.0,0.0,0.0,0.0,0.0,0.0,25.0,0.0,[]
215,,Mon Sep 14 20:32:01 EDT 2020,AbstractModel.java,1600129921073,1809,1809,(I)25,1.0,0.0,0.0,0.0,0.0,0.0,25.0,0.0,0.0,0.0,0.0,0.0,25.0,0.0,[]
216,,Mon Sep 14 20:32:03 EDT 2020,AbstractModel.java,1600129923464,3264,3264,(I)12(R)4(I)9,0.84,0.0,0.0,0.0,0.0,0.0,8.333333333333334,0.0,0.0,0.0,0.0,1.3333333333333333,7.0,0.0,[]
217,,Mon Sep 14 20:32:06 EDT 2020,AbstractModel.java,1600129926729,1264,1264,(I)25,1.0,0.0,0.0,0.0,0.0,0.0,25.0,0.0,0.0,0.0,0.0,0.0,25.0,0.0,[]
218,,Mon Sep 14 20:32:08 EDT 2020,AbstractModel.java,1600129928136,1704,1704,(I)25,1.0,0.0,0.0,0.0,0.0,0.0,25.0,0.0,0.0,0.0,0.0,0.0,25.0,0.0,[]
219,,Mon Sep 14 20:32:09 EDT 2020,AbstractModel.java,1600129929841,9191,9191,(I)13(R)2(I)7(F)1(I)1(F)1,0.84,0.0,0.0,8.0,0.0,0.0,2.7777777777777777,0.0,0.0,0.2222222222222222,0.0,0.2222222222222222,2.3333333333333335,0.0,[]
220,,Mon Sep 14 20:32:20 EDT 2020,AbstractModel.java,1600129940017,2240,2240,(I)24,1.0,0.0,0.0,0.0,0.0,0.0,12.0,0.0,0.0,0.0,0.0,0.0,12.0,0.0,[]
221,,Mon Sep 14 20:32:22 EDT 2020,AbstractModel.java,1600129942408,1787,1787,(I)20(R)2(I)3,0.92,0.0,0.0,0.0,0.0,0.0,25.0,0.0,0.0,0.0,0.0,2.0,23.0,0.0,[]
222,,Mon Sep 14 20:32:24 EDT 2020,AbstractModel.java,1600129944196,14204,0,(I)4(R)3(F)1(I)1(R)3(F)1(I)11,0.6666666666666666,0.0,0.0,8.333333333333332,0.0,0.0,1.7142857142857142,0.0,0.0,0.14285714285714285,0.0,0.42857142857142855,1.1428571428571428,0.0,[]
223,,Mon Sep 14 20:32:38 EDT 2020,AbstractModel.java,1600129958401,3872,3872,(I)5(R)16(I)4,0.36,0.0,0.0,0.0,0.0,0.0,8.333333333333334,0.0,0.0,0.0,0.0,5.333333333333333,3.0,0.0,[]
224,,Mon Sep 14 20:32:42 EDT 2020,AbstractModel.java,1600129962312,1690,1690,(I)23,1.0,0.0,0.0,0.0,0.0,0.0,23.0,0.0,0.0,0.0,0.0,0.0,23.0,0.0,[]
225,,Mon Sep 14 20:32:44 EDT 2020,AbstractModel.java,1600129964003,1597,1597,(I)24,1.0,0.0,0.0,0.0,0.0,0.0,24.0,0.0,0.0,0.0,0.0,0.0,24.0,0.0,[]
226,,Mon Sep 14 20:32:45 EDT 2020,AbstractModel.java,1600129965744,1401,1401,(I)24,1.0,0.0,0.0,0.0,0.0,0.0,24.0,0.0,0.0,0.0,0.0,0.0,24.0,0.0,[]
227,,Mon Sep 14 20:32:47 EDT 2020,AbstractModel.java,1600129967146,2087,2087,(I)23,1.0,0.0,0.0,0.0,0.0,0.0,11.5,0.0,0.0,0.0,0.0,0.0,11.5,0.0,[]
228,,Mon Sep 14 20:32:49 EDT 2020,AbstractModel.java,1600129969410,2856,2856,(I)10(R)4(I)11,0.84,0.0,0.0,0.0,0.0,0.0,12.5,0.0,0.0,0.0,0.0,2.0,10.5,0.0,[]
229,,Mon Sep 14 20:32:52 EDT 2020,AbstractModel.java,1600129972267,2861,2861,(I)22(F)2(I)1,0.92,0.0,0.0,8.0,0.0,0.0,12.5,0.0,0.0,1.0,0.0,0.0,11.5,0.0,[]
230,,Mon Sep 14 20:33:05 EDT 2020,AbstractModel.java,1600129985961,4303,4303,(I)24,1.0,0.0,0.0,0.0,0.0,0.0,6.0,0.0,0.0,0.0,0.0,0.0,6.0,0.0,[]
231,,Mon Sep 14 20:33:10 EDT 2020,AbstractModel.java,1600129990265,1423,1423,(I)25,1.0,0.0,0.0,0.0,0.0,0.0,25.0,0.0,0.0,0.0,0.0,0.0,25.0,0.0,[]
232,,Mon Sep 14 20:33:11 EDT 2020,AbstractModel.java,1600129991752,1824,1824,(I)25,1.0,0.0,0.0,0.0,0.0,0.0,25.0,0.0,0.0,0.0,0.0,0.0,25.0,0.0,[]
233,,Mon Sep 14 20:33:13 EDT 2020,AbstractModel.java,1600129993577,1512,1512,(I)25,1.0,0.0,0.0,0.0,0.0,0.0,25.0,0.0,0.0,0.0,0.0,0.0,25.0,0.0,[]
234,,Mon Sep 14 20:33:15 EDT 2020,AbstractModel.java,1600129995272,1376,1376,(I)25,1.0,0.0,0.0,0.0,0.0,0.0,25.0,0.0,0.0,0.0,0.0,0.0,25.0,0.0,[]
235,,Mon Sep 14 20:33:16 EDT 2020,AbstractModel.java,1600129996649,1216,1216,(I)25,1.0,0.0,0.0,0.0,0.0,0.0,25.0,0.0,0.0,0.0,0.0,0.0,25.0,0.0,[]
236,,Mon Sep 14 20:33:17 EDT 2020,AbstractModel.java,1600129997904,13864,0,(I)20(F)5,0.8,0.0,0.0,20.0,0.0,0.0,1.9230769230769231,0.0,0.0,0.38461538461538464,0.0,0.0,1.5384615384615385,0.0,[]
237,,Mon Sep 14 20:33:57 EDT 2020,AbstractModel.java,1600130037934,14229,0,(F)1(I)24,0.96,0.0,0.0,4.0,0.0,0.0,1.7857142857142858,0.0,0.0,0.07142857142857142,0.0,0.0,1.7142857142857142,0.0,[]
238,,Mon Sep 14 20:34:12 EDT 2020,AbstractModel.java,1600130052500,2470,2470,(I)22,1.0,0.0,0.0,0.0,0.0,0.0,11.0,0.0,0.0,0.0,0.0,0.0,11.0,0.0,[]
239,,Mon Sep 14 20:34:15 EDT 2020,AbstractModel.java,1600130055072,23167,0,(I)19(F)1(I)5,0.96,0.0,0.0,4.0,0.0,0.0,1.0869565217391304,0.0,0.0,0.043478260869565216,0.0,0.0,1.0434782608695652,0.0,[]
240,,Mon Sep 14 20:34:38 EDT 2020,AbstractModel.java,1600130078473,6998,6998,(R)1(I)1(R)2(F)1(I)5(R)1(I)1(R)3(I)10,0.68,0.0,0.0,4.0,0.0,0.0,4.166666666666667,0.0,0.0,0.16666666666666666,0.0,1.1666666666666667,2.8333333333333335,0.0,[]
241,,Mon Sep 14 20:34:46 EDT 2020,AbstractModel.java,1600130086120,11051,0,(I)9(F)2(I)14,0.92,0.0,0.0,8.0,0.0,0.0,2.272727272727273,0.0,0.0,0.18181818181818182,0.0,0.0,2.090909090909091,0.0,[]
242,,Mon Sep 14 20:34:57 EDT 2020,AbstractModel.java,1600130097518,9556,9556,(I)25,1.0,0.0,0.0,0.0,0.0,0.0,2.7777777777777777,0.0,0.0,0.0,0.0,0.0,2.7777777777777777,0.0,[]
243,,Mon Sep 14 20:35:07 EDT 2020,AbstractModel.java,1600130107235,-6248,-6248,(I)3(F)2(R)1(I)19,0.88,0.0,0.0,8.0,0.0,0.0,0.0,0.0,0.0,0.0,0.0,null,0.0,0.0,[]
244,,Mon Sep 14 20:35:01 EDT 2020,AbstractModel.java,1600130101048,17583,0,(I)6(R)4(I)2(R)6(I)2(R)5,0.4,0.0,0.0,0.0,0.0,0.0,1.4705882352941178,0.0,0.0,0.0,0.0,0.8823529411764706,0.5882352941176471,0.0,[]
245,,Mon Sep 14 20:35:18 EDT 2020,AbstractModel.java,1600130118632,11365,0,(R)3(I)3(R)5(I)1(R)1(I)12,0.64,0.0,0.0,0.0,0.0,0.0,2.272727272727273,0.0,0.0,0.0,0.0,0.8181818181818182,1.4545454545454546,0.0,[]
246,,Mon Sep 14 20:35:31 EDT 2020,SocialDistancingModel.java,1600130131141,2081,2081,(I)17(F)1(R)2(I)4,0.875,0.0,0.0,4.166666666666666,0.0,0.0,12.0,0.0,0.0,0.5,0.0,1.0,10.5,0.0,[]
247,,Mon Sep 14 20:35:33 EDT 2020,SocialDistancingModel.java,1600130133753,56488,0,(I)2(F)1(I)1(F)2(I)16(R)2,0.7916666666666666,0.0,0.0,12.5,0.0,0.0,0.42857142857142855,0.0,0.0,0.05357142857142857,0.0,0.03571428571428571,0.3392857142857143,0.0,[]
248,,Mon Sep 14 20:36:30 EDT 2020,SocialDistancingModel.java,1600130190378,1495,1495,(R)12(I)13,0.52,0.0,0.0,0.0,0.0,0.0,25.0,0.0,0.0,0.0,0.0,12.0,13.0,0.0,[]
249,,Mon Sep 14 20:36:31 EDT 2020,SocialDistancingModel.java,1600130191873,1848,1848,(I)25,1.0,0.0,0.0,0.0,0.0,0.0,25.0,0.0,0.0,0.0,0.0,0.0,25.0,0.0,[]
250,,Mon Sep 14 20:36:33 EDT 2020,SocialDistancingModel.java,1600130193827,2906,2906,(I)25,1.0,0.0,0.0,0.0,0.0,0.0,12.5,0.0,0.0,0.0,0.0,0.0,12.5,0.0,[]
251,,Mon Sep 14 20:36:36 EDT 2020,SocialDistancingModel.java,1600130196734,1211,1211,(I)25,1.0,0.0,0.0,0.0,0.0,0.0,25.0,0.0,0.0,0.0,0.0,0.0,25.0,0.0,[]
252,,Mon Sep 14 20:36:38 EDT 2020,SocialDistancingModel.java,1600130198009,8210,8210,(I)15(F)2(I)8,0.92,0.0,0.0,8.0,0.0,0.0,3.125,0.0,0.0,0.25,0.0,0.0,2.875,0.0,[]
253,,Mon Sep 14 20:36:46 EDT 2020,SocialDistancingModel.java,1600130206385,105,105,(I)25,1.0,0.0,0.0,0.0,0.0,0.0,0.0,0.0,0.0,0.0,0.0,null,0.0,0.0,[]
254,,Mon Sep 14 20:36:46 EDT 2020,SocialDistancingModel.java,1600130206969,1729,1729,(I)25,1.0,0.0,0.0,0.0,0.0,0.0,25.0,0.0,0.0,0.0,0.0,0.0,25.0,0.0,[]
255,,Mon Sep 14 20:36:48 EDT 2020,SocialDistancingModel.java,1600130208699,26983,0,(I)10(F)2(I)3(F)1(R)1(I)7,0.8333333333333334,0.0,0.0,12.5,0.0,0.0,0.9230769230769231,0.0,0.0,0.11538461538461539,0.0,0.038461538461538464,0.7692307692307693,0.0,[]
256,,Mon Sep 14 20:37:15 EDT 2020,SocialDistancingModel.java,1600130235810,2,2,(I)5(R)5(I)6(F)1(I)1(F)2(I)5,0.68,0.0,0.0,12.0,0.0,0.0,0.0,0.0,0.0,0.0,0.0,null,0.0,0.0,[]
257,,Mon Sep 14 20:37:16 EDT 2020,SocialDistancingModel.java,1600130236011,2378,2378,(I)3(R)5(I)17,0.8,0.0,0.0,0.0,0.0,0.0,12.5,0.0,0.0,0.0,0.0,2.5,10.0,0.0,[]
258,,Mon Sep 14 20:37:18 EDT 2020,SocialDistancingModel.java,1600130238434,1464,1464,(I)21(F)1(I)3,0.96,0.0,0.0,4.0,0.0,0.0,25.0,0.0,0.0,1.0,0.0,0.0,24.0,0.0,[]
259,,Mon Sep 14 20:37:19 EDT 2020,SocialDistancingModel.java,1600130239977,5721,5721,(I)21(F)1(I)3,0.96,0.0,0.0,4.0,0.0,0.0,5.0,0.0,0.0,0.2,0.0,0.0,4.8,0.0,[]
260,,Mon Sep 14 20:37:25 EDT 2020,SocialDistancingModel.java,1600130245811,12572,0,(I)23,1.0,0.0,0.0,0.0,0.0,0.0,1.9166666666666667,0.0,0.0,0.0,0.0,0.0,1.9166666666666667,0.0,[]
261,,Mon Sep 14 20:37:38 EDT 2020,SocialDistancingModel.java,1600130258606,9069,9069,(I)25,1.0,0.0,0.0,0.0,0.0,0.0,2.7777777777777777,0.0,0.0,0.0,0.0,0.0,2.7777777777777777,0.0,[]
262,,Mon Sep 14 20:37:47 EDT 2020,SocialDistancingModel.java,1600130267861,1233,1233,(I)25,1.0,0.0,0.0,0.0,0.0,0.0,25.0,0.0,0.0,0.0,0.0,0.0,25.0,0.0,[]
263,,Mon Sep 14 20:37:49 EDT 2020,SocialDistancingModel.java,1600130269407,5429,5429,(I)23,1.0,0.0,0.0,0.0,0.0,0.0,4.6,0.0,0.0,0.0,0.0,0.0,4.6,0.0,[]
264,,Mon Sep 14 20:37:54 EDT 2020,SocialDistancingModel.java,1600130274947,1377,1377,(I)25,1.0,0.0,0.0,0.0,0.0,0.0,25.0,0.0,0.0,0.0,0.0,0.0,25.0,0.0,[]
265,,Mon Sep 14 20:37:56 EDT 2020,SocialDistancingModel.java,1600130276325,2248,2248,(I)25,1.0,0.0,0.0,0.0,0.0,0.0,12.5,0.0,0.0,0.0,0.0,0.0,12.5,0.0,[]
266,,Mon Sep 14 20:37:58 EDT 2020,Observable.java,1600130278636,7497,7497,(I)20,1.0,0.0,0.0,0.0,0.0,0.0,2.857142857142857,0.0,0.0,0.0,0.0,0.0,2.857142857142857,0.0,[]
267,,Mon Sep 14 20:38:06 EDT 2020,AbstractModel.java,1600130286730,9845,9845,(I)22,1.0,0.0,0.0,0.0,0.0,0.0,2.4444444444444446,0.0,0.0,0.0,0.0,0.0,2.4444444444444446,0.0,[]
268,,Mon Sep 14 20:38:16 EDT 2020,AbstractModel.java,1600130296621,3326,3326,(I)24,1.0,0.0,0.0,0.0,0.0,0.0,8.0,0.0,0.0,0.0,0.0,0.0,8.0,0.0,[]
269,,Mon Sep 14 20:38:20 EDT 2020,AbstractModel.java,1600130300011,2984,2984,(I)20,1.0,0.0,0.0,0.0,0.0,0.0,10.0,0.0,0.0,0.0,0.0,0.0,10.0,0.0,[]
270,,Mon Sep 14 20:38:23 EDT 2020,AbstractModel.java,1600130303423,529,529,(R)12(F)1(I)9(R)3,0.36,0.0,0.0,4.0,0.0,0.0,0.0,0.0,0.0,0.0,0.0,null,0.0,0.0,[]
271,,Mon Sep 14 20:38:23 EDT 2020,SocialDistancingModel.java,1600130303983,14966,0,(R)9(F)1(I)14,0.5833333333333334,0.0,0.0,4.166666666666666,0.0,0.0,1.7142857142857142,0.0,0.0,0.07142857142857142,0.0,0.6428571428571429,1.0,0.0,[]
272,,Mon Sep 14 20:38:39 EDT 2020,SocialDistancingModel.java,1600130319289,132,132,(R)3(I)19(R)2,0.7916666666666666,0.0,0.0,0.0,0.0,0.0,0.0,0.0,0.0,0.0,0.0,null,0.0,0.0,[]
273,,Mon Sep 14 20:38:39 EDT 2020,SocialDistancingModel.java,1600130319564,1632,1632,(R)1(I)24,0.96,0.0,0.0,0.0,0.0,0.0,25.0,0.0,0.0,0.0,0.0,1.0,24.0,0.0,[]
274,,Mon Sep 14 20:38:41 EDT 2020,SocialDistancingModel.java,1600130321197,2309,2309,(I)17(R)8,0.68,0.0,0.0,0.0,0.0,0.0,12.5,0.0,0.0,0.0,0.0,4.0,8.5,0.0,[]
275,,Mon Sep 14 20:38:43 EDT 2020,SocialDistancingModel.java,1600130323536,1549,1549,(R)8(I)17,0.68,0.0,0.0,0.0,0.0,0.0,25.0,0.0,0.0,0.0,0.0,8.0,17.0,0.0,[]
276,,Mon Sep 14 20:38:45 EDT 2020,SocialDistancingModel.java,1600130325086,1961,1961,(I)3(R)4(I)18,0.84,0.0,0.0,0.0,0.0,0.0,25.0,0.0,0.0,0.0,0.0,4.0,21.0,0.0,[]
277,,Mon Sep 14 20:38:47 EDT 2020,AbstractModel.java,1600130327094,57434,0,(I)5(F)1(I)1(F)1(I)15,0.9130434782608695,0.0,0.0,8.695652173913043,0.0,0.0,0.40350877192982454,0.0,0.0,0.03508771929824561,0.0,0.0,0.3684210526315789,0.0,[]
278,,Mon Sep 14 20:39:44 EDT 2020,AbstractModel.java,1600130384591,7679,7679,(I)25,1.0,0.0,0.0,0.0,0.0,0.0,3.5714285714285716,0.0,0.0,0.0,0.0,0.0,3.5714285714285716,0.0,[]
279,,Mon Sep 14 20:39:52 EDT 2020,AbstractModel.java,1600130392440,15472,0,(I)4(F)2(I)19,0.92,0.0,0.0,8.0,0.0,0.0,1.6666666666666667,0.0,0.0,0.13333333333333333,0.0,0.0,1.5333333333333334,0.0,[]
280,,Mon Sep 14 20:40:08 EDT 2020,AbstractModel.java,1600130408160,834,834,(I)23,1.0,0.0,0.0,0.0,0.0,0.0,0.0,0.0,0.0,0.0,0.0,null,0.0,0.0,[]
281,,Mon Sep 14 20:40:09 EDT 2020,AbstractModel.java,1600130409081,3931,3931,(I)9,1.0,0.0,0.0,0.0,0.0,0.0,3.0,0.0,0.0,0.0,0.0,0.0,3.0,0.0,[]
282,,Mon Sep 14 20:40:13 EDT 2020,AbstractModel.java,1600130413097,864,864,(I)25,1.0,0.0,0.0,0.0,0.0,0.0,0.0,0.0,0.0,0.0,0.0,null,0.0,0.0,[]
283,,Mon Sep 14 20:40:14 EDT 2020,AbstractModel.java,1600130414146,2064,2064,(I)20(R)1(I)4,0.96,0.0,0.0,0.0,0.0,0.0,12.5,0.0,0.0,0.0,0.0,0.5,12.0,0.0,[]
284,,Mon Sep 14 20:40:16 EDT 2020,AbstractModel.java,1600130416233,4817,4817,(I)10(R)1(I)14,0.96,0.0,0.0,0.0,0.0,0.0,6.25,0.0,0.0,0.0,0.0,0.25,6.0,0.0,[]
285,,Mon Sep 14 20:40:21 EDT 2020,AbstractModel.java,1600130421233,368,368,(I)12(R)2(I)11,0.92,0.0,0.0,0.0,0.0,0.0,0.0,0.0,0.0,0.0,0.0,null,0.0,0.0,[]
286,,Mon Sep 14 20:40:21 EDT 2020,AbstractModel.java,1600130421684,3296,3296,(I)7(R)2(I)5(R)11,0.48,0.0,0.0,0.0,0.0,0.0,8.333333333333334,0.0,0.0,0.0,0.0,4.333333333333333,4.0,0.0,[]
287,,Mon Sep 14 20:40:25 EDT 2020,AbstractModel.java,1600130425010,118,118,(R)9(I)8(R)8,0.32,0.0,0.0,0.0,0.0,0.0,0.0,0.0,0.0,0.0,0.0,null,0.0,0.0,[]
288,,Mon Sep 14 20:40:25 EDT 2020,AbstractModel.java,1600130425265,2779,2779,(R)4(I)21,0.84,0.0,0.0,0.0,0.0,0.0,12.5,0.0,0.0,0.0,0.0,2.0,10.5,0.0,[]
289,,Mon Sep 14 20:40:28 EDT 2020,AbstractModel.java,1600130428754,207,207,(I)25,1.0,0.0,0.0,0.0,0.0,0.0,0.0,0.0,0.0,0.0,0.0,null,0.0,0.0,[]
290,,Mon Sep 14 20:40:29 EDT 2020,AbstractModel.java,1600130429026,10024,0,(I)25,1.0,0.0,0.0,0.0,0.0,0.0,2.5,0.0,0.0,0.0,0.0,0.0,2.5,0.0,[]
291,,Mon Sep 14 20:40:39 EDT 2020,AbstractModel.java,1600130439325,5695,5695,(I)11(R)1(I)13,0.96,0.0,0.0,0.0,0.0,0.0,5.0,0.0,0.0,0.0,0.0,0.2,4.8,0.0,[]
292,,Mon Sep 14 20:40:46 EDT 2020,AbstractModel.java,1600130446414,-2844,-2844,(I)14(R)1(I)10,0.96,0.0,0.0,0.0,0.0,0.0,0.0,0.0,0.0,0.0,0.0,null,0.0,0.0,[]
293,,Mon Sep 14 20:40:43 EDT 2020,Observable.java,1600130443681,16533,0,(I)24,1.0,0.0,0.0,0.0,0.0,0.0,1.5,0.0,0.0,0.0,0.0,0.0,1.5,0.0,[]
294,,Mon Sep 14 20:41:00 EDT 2020,SocialDistancingView.java,1600130460267,43756,0,(I)15(F)2(I)2(F)2(I)2,0.8260869565217391,0.0,0.0,17.391304347826086,0.0,0.0,0.5348837209302325,0.0,0.0,0.09302325581395349,0.0,0.0,0.4418604651162791,0.0,[]
295,,Mon Sep 14 20:41:45 EDT 2020,SocialDistancingView.java,1600130505176,15259,0,(F)2(I)3(F)2(I)11(R)6,0.5833333333333334,0.0,0.0,16.666666666666664,0.0,0.0,1.6,0.0,0.0,0.26666666666666666,0.0,0.4,0.9333333333333333,0.0,[]
296,,Mon Sep 14 20:42:00 EDT 2020,SocialDistancingView.java,1600130520708,120,120,(I)17(R)6(I)2,0.76,0.0,0.0,0.0,0.0,0.0,0.0,0.0,0.0,0.0,0.0,null,0.0,0.0,[]
297,,Mon Sep 14 20:42:01 EDT 2020,SocialDistancingView.java,1600130521344,3300,3300,(I)8(R)4(I)13,0.84,0.0,0.0,0.0,0.0,0.0,8.333333333333334,0.0,0.0,0.0,0.0,1.3333333333333333,7.0,0.0,[]
298,,Mon Sep 14 20:42:04 EDT 2020,SocialDistancingView.java,1600130524708,41,41,(I)6(R)4(I)15,0.84,0.0,0.0,0.0,0.0,0.0,0.0,0.0,0.0,0.0,0.0,null,0.0,0.0,[]
299,,Mon Sep 14 20:42:04 EDT 2020,SocialDistancingView.java,1600130524837,864,864,(I)16(F)3(I)6,0.88,0.0,0.0,12.0,0.0,0.0,0.0,0.0,0.0,0.0,0.0,null,0.0,0.0,[]
300,,Mon Sep 14 20:42:05 EDT 2020,SocialDistancingViewImpl.java,1600130525766,38756,0,(I)8(F)1(I)9(F)4,0.7727272727272727,0.0,0.0,22.727272727272727,0.0,0.0,0.5789473684210527,0.0,0.0,0.13157894736842105,0.0,0.0,0.4473684210526316,0.0,[]
301,,Mon Sep 14 20:42:44 EDT 2020,SocialDistancingViewImpl.java,1600130564630,4225,4225,(I)1(R)1(I)22,0.9583333333333334,0.0,0.0,0.0,0.0,0.0,6.0,0.0,0.0,0.0,0.0,0.25,5.75,0.0,[]
302,,Mon Sep 14 20:42:45 EDT 2020,SocialDistancingViewImpl.java,1600130565863,4143,4143,(I)25,1.0,0.0,0.0,0.0,0.0,0.0,6.25,0.0,0.0,0.0,0.0,0.0,6.25,0.0,[]
303,,Mon Sep 14 20:42:50 EDT 2020,SocialDistancingViewImpl.java,1600130570070,0,0,(I)9(R)1(I)4(R)1(I)6,0.9047619047619048,0.0,0.0,0.0,0.0,0.0,0.0,0.0,0.0,0.0,0.0,null,0.0,0.0,[]
304,,Mon Sep 14 20:42:50 EDT 2020,SocialDistancingViewImpl.java,1600130570157,111411,0,(I)8(R)1(I)1(R)1(I)4(R)1(I)2(F)4(I)1(R)1(I)1,0.68,0.0,0.0,16.0,0.0,0.0,0.22522522522522523,0.0,0.0,0.036036036036036036,0.0,0.036036036036036036,0.15315315315315314,0.0,[]
305,,Mon Sep 14 20:44:41 EDT 2020,SocialDistancingViewImpl.java,1600130681632,1,1,(I)6(R)2(I)14(R)1(I)2,0.88,0.0,0.0,0.0,0.0,0.0,0.0,0.0,0.0,0.0,0.0,null,0.0,0.0,[]
306,,Mon Sep 14 20:44:41 EDT 2020,SocialDistancingViewImpl.java,1600130681811,5576,5576,(I)5(R)2(I)8(R)2(I)6,0.8260869565217391,0.0,0.0,0.0,0.0,0.0,4.6,0.0,0.0,0.0,0.0,0.8,3.8,0.0,[]
307,,Mon Sep 14 20:44:48 EDT 2020,SocialDistancingViewImpl.java,1600130688112,16345,0,(I)3(F)1(I)1(R)2(I)9(F)1(I)6,0.8260869565217391,0.0,0.0,8.695652173913043,0.0,0.0,1.4375,0.0,0.0,0.125,0.0,0.125,1.1875,0.0,[]
308,,Mon Sep 14 20:45:04 EDT 2020,SocialDistancingViewImpl.java,1600130704592,2363,2363,(I)25,1.0,0.0,0.0,0.0,0.0,0.0,12.5,0.0,0.0,0.0,0.0,0.0,12.5,0.0,[]
309,,Mon Sep 14 20:45:06 EDT 2020,SocialDistancingViewImpl.java,1600130706956,1822,1822,(I)9(R)4(I)2(R)4(I)4,0.6521739130434783,0.0,0.0,0.0,0.0,0.0,23.0,0.0,0.0,0.0,0.0,8.0,15.0,0.0,[]
310,,Mon Sep 14 20:45:08 EDT 2020,SocialDistancingViewImpl.java,1600130708781,24498,0,(I)19(F)2,0.9047619047619048,0.0,0.0,9.523809523809524,0.0,0.0,0.875,0.0,0.0,0.08333333333333333,0.0,0.0,0.7916666666666666,0.0,[]
311,,Mon Sep 14 20:45:34 EDT 2020,SocialDistancingViewImpl.java,1600130734519,-14038,-14038,(I)14(F)1(I)10,0.96,0.0,0.0,4.0,0.0,0.0,0.0,0.0,0.0,0.0,0.0,null,0.0,0.0,[]
312,,Mon Sep 14 20:45:20 EDT 2020,SocialDistancingViewImpl.java,1600130720592,24873,0,(I)13(F)1(I)11,0.96,0.0,0.0,4.0,0.0,0.0,1.0416666666666667,0.0,0.0,0.041666666666666664,0.0,0.0,1.0,0.0,[]
313,,Mon Sep 14 20:45:45 EDT 2020,SocialDistancingViewImpl.java,1600130745465,1690,1690,(I)15(R)8,0.6521739130434783,0.0,0.0,0.0,0.0,0.0,23.0,0.0,0.0,0.0,0.0,8.0,15.0,0.0,[]
314,,Mon Sep 14 20:45:47 EDT 2020,SocialDistancingViewImpl.java,1600130747313,34470,0,(R)2(I)10(F)2(I)7,0.8095238095238095,0.0,0.0,9.523809523809524,0.0,0.0,0.6176470588235294,0.0,0.0,0.058823529411764705,0.0,0.058823529411764705,0.5,0.0,[]
315,,Mon Sep 14 20:46:22 EDT 2020,SocialDistancingViewImpl.java,1600130782776,4596,4596,(I)25,1.0,0.0,0.0,0.0,0.0,0.0,6.25,0.0,0.0,0.0,0.0,0.0,6.25,0.0,[]
316,,Mon Sep 14 20:46:28 EDT 2020,SocialDistancingViewImpl.java,1600130788933,4964,4964,(I)4(R)2(I)6(R)12,0.4166666666666667,0.0,0.0,0.0,0.0,0.0,6.0,0.0,0.0,0.0,0.0,3.5,2.5,0.0,[]
317,,Mon Sep 14 20:46:33 EDT 2020,SocialDistancingViewImpl.java,1600130793927,362,362,(R)25,0.0,0.0,0.0,0.0,0.0,0.0,0.0,0.0,0.0,0.0,0.0,null,0.0,0.0,[]
318,,Mon Sep 14 20:46:34 EDT 2020,SocialDistancingViewImpl.java,1600130794290,366,366,(R)25,0.0,0.0,0.0,0.0,0.0,0.0,0.0,0.0,0.0,0.0,0.0,null,0.0,0.0,[]
319,,Mon Sep 14 20:46:34 EDT 2020,SocialDistancingViewImpl.java,1600130794685,21616,0,(R)13(F)2(I)8,0.34782608695652173,0.0,0.0,8.695652173913043,0.0,0.0,1.0952380952380953,0.0,0.0,0.09523809523809523,0.0,0.6190476190476191,0.38095238095238093,0.0,[]
320,,Mon Sep 14 20:46:56 EDT 2020,SocialDistancingViewImpl.java,1600130816501,2302,2302,(I)2(R)1(I)2(R)1(I)11(R)1(I)3,0.8571428571428571,0.0,0.0,0.0,0.0,0.0,10.5,0.0,0.0,0.0,0.0,1.5,9.0,0.0,[]
321,,Mon Sep 14 20:46:58 EDT 2020,SocialDistancingViewImpl.java,1600130818922,6244,6244,(I)13(R)3(I)5,0.8571428571428571,0.0,0.0,0.0,0.0,0.0,3.5,0.0,0.0,0.0,0.0,0.5,3.0,0.0,[]
322,,Mon Sep 14 20:47:05 EDT 2020,SocialDistancingViewImpl.java,1600130825185,24948,0,(I)1(F)4(I)3(R)3(I)11(R)2,0.625,0.0,0.0,16.666666666666664,0.0,0.0,1.0,0.0,0.0,0.16666666666666666,0.0,0.20833333333333334,0.625,0.0,[]
323,,Mon Sep 14 20:47:33 EDT 2020,SocialDistancingViewImpl.java,1600130853263,1140,1140,(I)25,1.0,0.0,0.0,0.0,0.0,0.0,25.0,0.0,0.0,0.0,0.0,0.0,25.0,0.0,[]
324,,Mon Sep 14 20:47:34 EDT 2020,SocialDistancingViewImpl.java,1600130854404,3272,3272,(I)9(R)3(I)13,0.88,0.0,0.0,0.0,0.0,0.0,8.333333333333334,0.0,0.0,0.0,0.0,1.0,7.333333333333333,0.0,[]
325,,Mon Sep 14 20:47:37 EDT 2020,SocialDistancingViewImpl.java,1600130857677,3815,3815,(I)24,1.0,0.0,0.0,0.0,0.0,0.0,8.0,0.0,0.0,0.0,0.0,0.0,8.0,0.0,[]
326,,Mon Sep 14 20:47:41 EDT 2020,SocialDistancingViewImpl.java,1600130861493,2806,2806,(I)24,1.0,0.0,0.0,0.0,0.0,0.0,12.0,0.0,0.0,0.0,0.0,0.0,12.0,0.0,[]
327,,Mon Sep 14 20:47:44 EDT 2020,SocialDistancingViewImpl.java,1600130864300,1833,1833,(I)5(R)12(I)8,0.52,0.0,0.0,0.0,0.0,0.0,25.0,0.0,0.0,0.0,0.0,12.0,13.0,0.0,[]
328,,Mon Sep 14 20:47:46 EDT 2020,SocialDistancingViewImpl.java,1600130866196,2946,2946,(I)18(R)3,0.8571428571428571,0.0,0.0,0.0,0.0,0.0,10.5,0.0,0.0,0.0,0.0,1.5,9.0,0.0,[]
329,,Mon Sep 14 20:47:49 EDT 2020,SocialDistancingView.java,1600130869147,1586,1586,(R)1(I)6(R)1(I)2(R)2(I)6(R)1,0.7368421052631579,0.0,0.0,0.0,0.0,0.0,19.0,0.0,0.0,0.0,0.0,5.0,14.0,0.0,[]
330,,Mon Sep 14 20:47:53 EDT 2020,SocialDistancingViewImpl.java,1600130873268,49702,0,(I)2(R)2(I)9(F)2(I)2,0.7647058823529411,0.0,0.0,11.76470588235294,0.0,0.0,0.3469387755102041,0.0,0.0,0.04081632653061224,0.0,0.04081632653061224,0.2653061224489796,0.0,[]
331,,Mon Sep 14 20:48:44 EDT 2020,SocialDistancingViewImpl.java,1600130924349,13879,0,(I)1(F)2(R)2(I)19,0.8333333333333334,0.0,0.0,8.333333333333332,0.0,0.0,1.8461538461538463,0.0,0.0,0.15384615384615385,0.0,0.15384615384615385,1.5384615384615385,0.0,[]
332,,Mon Sep 14 20:48:58 EDT 2020,ConsoleSocialDistancingController.java,1600130938229,12415,0,(I)15(R)1(I)3,0.9473684210526315,0.0,0.0,0.0,0.0,0.0,1.5833333333333333,0.0,0.0,0.0,0.0,0.08333333333333333,1.5,0.0,[]
333,,Mon Sep 14 20:49:10 EDT 2020,ConsoleSocialDistancingController.java,1600130950809,35109,0,(I)1(R)1(I)7(F)2(I)3(F)2(I)8,0.7916666666666666,0.0,0.0,16.666666666666664,0.0,0.0,0.6857142857142857,0.0,0.0,0.11428571428571428,0.0,0.02857142857142857,0.5428571428571428,0.0,[]
334,,Mon Sep 14 20:49:45 EDT 2020,ConsoleSocialDistancingController.java,1600130985926,16833,0,(I)1(R)2(I)5(R)2(I)10,0.8,0.0,0.0,0.0,0.0,0.0,1.25,0.0,0.0,0.0,0.0,0.25,1.0,0.0,[]
335,,Mon Sep 14 20:50:02 EDT 2020,ConsoleSocialDistancingController.java,1600131002983,8650,8650,(I)16(F)1(I)3(F)1(R)2,0.8260869565217391,0.0,0.0,8.695652173913043,0.0,0.0,2.875,0.0,0.0,0.25,0.0,0.25,2.375,0.0,[]
336,,Mon Sep 14 20:50:11 EDT 2020,ConsoleSocialDistancingController.java,1600131011838,1426,1426,(R)6(I)9(R)8,0.391304347826087,0.0,0.0,0.0,0.0,0.0,23.0,0.0,0.0,0.0,0.0,14.0,9.0,0.0,[]
337,,Mon Sep 14 20:50:13 EDT 2020,ConsoleSocialDistancingController.java,1600131013408,15193,0,(R)2(I)16(F)2,0.8,0.0,0.0,10.0,0.0,0.0,1.3333333333333333,0.0,0.0,0.13333333333333333,0.0,0.13333333333333333,1.0666666666666667,0.0,[]
338,,Mon Sep 14 20:50:41 EDT 2020,ConsoleSocialDistancingController.java,1600131041557,22637,0,(I)4(R)1(I)9(R)1(I)9(R)1,0.88,0.0,0.0,0.0,0.0,0.0,1.1363636363636365,0.0,0.0,0.0,0.0,0.13636363636363635,1.0,0.0,[]
339,,Mon Sep 14 20:51:04 EDT 2020,ConsoleSocialDistancingController.java,1600131064681,14352,0,(I)9(R)1(I)12,0.9545454545454546,0.0,0.0,0.0,0.0,0.0,1.5714285714285714,0.0,0.0,0.0,0.0,0.07142857142857142,1.5,0.0,[]
340,,Mon Sep 14 20:51:19 EDT 2020,ConsoleSocialDistancingController.java,1600131079192,170,170,(I)21,1.0,0.0,0.0,0.0,0.0,0.0,0.0,0.0,0.0,0.0,0.0,null,0.0,0.0,[]
341,,Mon Sep 14 20:51:19 EDT 2020,ConsoleSocialDistancingController.java,1600131079386,6720,6720,(I)20(R)4(I)1,0.84,0.0,0.0,0.0,0.0,0.0,4.166666666666667,0.0,0.0,0.0,0.0,0.6666666666666666,3.5,0.0,[]
342,,Mon Sep 14 20:51:26 EDT 2020,ConsoleSocialDistancingController.java,1600131086215,1,1,(I)19(R)4(I)2,0.84,0.0,0.0,0.0,0.0,0.0,0.0,0.0,0.0,0.0,0.0,null,0.0,0.0,[]
343,,Mon Sep 14 20:51:26 EDT 2020,ConsoleSocialDistancingController.java,1600131086336,3991,3991,(I)10(R)8(I)7,0.68,0.0,0.0,0.0,0.0,0.0,8.333333333333334,0.0,0.0,0.0,0.0,2.6666666666666665,5.666666666666667,0.0,[]
344,,Mon Sep 14 20:51:30 EDT 2020,ConsoleSocialDistancingController.java,1600131090328,10515,0,(I)19(R)1(I)1(R)1(I)3,0.92,0.0,0.0,0.0,0.0,0.0,2.5,0.0,0.0,0.0,0.0,0.2,2.3,0.0,[]
345,,Mon Sep 14 20:51:40 EDT 2020,ConsoleSocialDistancingController.java,1600131100912,143,143,(I)6(R)1(I)18,0.96,0.0,0.0,0.0,0.0,0.0,0.0,0.0,0.0,0.0,0.0,null,0.0,0.0,[]
346,,Mon Sep 14 20:51:41 EDT 2020,ConsoleSocialDistancingController.java,1600131101118,2970,2970,(I)3(R)1(I)21,0.96,0.0,0.0,0.0,0.0,0.0,12.5,0.0,0.0,0.0,0.0,0.5,12.0,0.0,[]
347,,Mon Sep 14 20:51:44 EDT 2020,ConsoleSocialDistancingController.java,1600131104152,8930,8930,(I)1(R)24,0.04,0.0,0.0,0.0,0.0,0.0,3.125,0.0,0.0,0.0,0.0,3.0,0.125,0.0,[]
348,,Mon Sep 14 20:51:53 EDT 2020,ConsoleSocialDistancingController.java,1600131113112,15504,0,(R)21(I)4,0.16,0.0,0.0,0.0,0.0,0.0,1.6666666666666667,0.0,0.0,0.0,0.0,1.4,0.26666666666666666,0.0,[]
349,,Mon Sep 14 20:52:08 EDT 2020,ConsoleSocialDistancingController.java,1600131128713,648,648,(I)8(R)6(I)11,0.76,0.0,0.0,0.0,0.0,0.0,0.0,0.0,0.0,0.0,0.0,null,0.0,0.0,[]
350,,Mon Sep 14 20:52:09 EDT 2020,ConsoleSocialDistancingController.java,1600131129652,3860,3860,(I)16(R)1(I)8,0.96,0.0,0.0,0.0,0.0,0.0,8.333333333333334,0.0,0.0,0.0,0.0,0.3333333333333333,8.0,0.0,[]
351,,Mon Sep 14 20:52:14 EDT 2020,ConsoleSocialDistancingController.java,1600131134888,337,337,(I)9(R)1(I)8(F)2(I)4,0.875,0.0,0.0,8.333333333333332,0.0,0.0,0.0,0.0,0.0,0.0,0.0,null,0.0,0.0,[]
352,,Mon Sep 14 20:52:15 EDT 2020,ConsoleSocialDistancingController.java,1600131135273,571,571,(I)25,1.0,0.0,0.0,0.0,0.0,0.0,0.0,0.0,0.0,0.0,0.0,null,0.0,0.0,[]
353,,Mon Sep 14 20:52:15 EDT 2020,ConsoleSocialDistancingController.java,1600131135922,11855,0,(I)19(R)3(I)3,0.88,0.0,0.0,0.0,0.0,0.0,2.272727272727273,0.0,0.0,0.0,0.0,0.2727272727272727,2.0,0.0,[]
354,,Mon Sep 14 20:52:27 EDT 2020,ConsoleSocialDistancingController.java,1600131147841,-1268,-1268,(I)14,1.0,0.0,0.0,0.0,0.0,0.0,0.0,0.0,0.0,0.0,0.0,null,0.0,0.0,[]
355,,Mon Sep 14 20:52:26 EDT 2020,ConsoleSocialDistancingController.java,1600131146597,18235,0,(I)2(R)3(I)20,0.88,0.0,0.0,0.0,0.0,0.0,1.3888888888888888,0.0,0.0,0.0,0.0,0.16666666666666666,1.2222222222222223,0.0,[]
356,,Mon Sep 14 20:52:44 EDT 2020,ConsoleSocialDistancingController.java,1600131164833,6120,6120,(I)23,1.0,0.0,0.0,0.0,0.0,0.0,3.8333333333333335,0.0,0.0,0.0,0.0,0.0,3.8333333333333335,0.0,[]
357,,Mon Sep 14 20:52:50 EDT 2020,ConsoleSocialDistancingController.java,1600131170954,4070,4070,(I)22,1.0,0.0,0.0,0.0,0.0,0.0,5.5,0.0,0.0,0.0,0.0,0.0,5.5,0.0,[]
358,,Mon Sep 14 20:52:55 EDT 2020,ConsoleSocialDistancingController.java,1600131175025,2528,2528,(I)23,1.0,0.0,0.0,0.0,0.0,0.0,11.5,0.0,0.0,0.0,0.0,0.0,11.5,0.0,[]
359,,Mon Sep 14 20:52:57 EDT 2020,ConsoleSocialDistancingController.java,1600131177554,3039,3039,(I)24,1.0,0.0,0.0,0.0,0.0,0.0,8.0,0.0,0.0,0.0,0.0,0.0,8.0,0.0,[]
360,,Mon Sep 14 20:53:00 EDT 2020,ConsoleSocialDistancingController.java,1600131180594,5408,5408,(I)11(R)11,0.5,0.0,0.0,0.0,0.0,0.0,4.4,0.0,0.0,0.0,0.0,2.2,2.2,0.0,[]
361,,Mon Sep 14 20:53:06 EDT 2020,ConsoleSocialDistancingController.java,1600131186290,-655,-655,(R)2(I)12(R)9,0.5217391304347826,0.0,0.0,0.0,0.0,0.0,0.0,0.0,0.0,0.0,0.0,null,0.0,0.0,[]
362,,Mon Sep 14 20:53:05 EDT 2020,ConsoleSocialDistancingController.java,1600131185841,23192,0,(R)4(I)6(R)1(I)6(R)1(I)7,0.76,0.0,0.0,0.0,0.0,0.0,1.0869565217391304,0.0,0.0,0.0,0.0,0.2608695652173913,0.8260869565217391,0.0,[]
363,,Mon Sep 14 20:53:29 EDT 2020,ConsoleSocialDistancingController.java,1600131209121,9445,9445,(I)22(R)1(I)2,0.96,0.0,0.0,0.0,0.0,0.0,2.7777777777777777,0.0,0.0,0.0,0.0,0.1111111111111111,2.6666666666666665,0.0,[]
364,,Mon Sep 14 20:53:39 EDT 2020,ConsoleSocialDistancingController.java,1600131219500,-2,-2,(I)22(R)1(I)2,0.96,0.0,0.0,0.0,0.0,0.0,0.0,0.0,0.0,0.0,0.0,null,0.0,0.0,[]
365,,Mon Sep 14 20:53:42 EDT 2020,ConsoleSocialDistancingController.java,1600131222140,25038,0,(I)24,1.0,0.0,0.0,0.0,0.0,0.0,0.96,0.0,0.0,0.0,0.0,0.0,0.96,0.0,[]
366,,Mon Sep 14 20:54:07 EDT 2020,ConsoleSocialDistancingController.java,1600131247762,5352,5352,(I)22,1.0,0.0,0.0,0.0,0.0,0.0,4.4,0.0,0.0,0.0,0.0,0.0,4.4,0.0,[]
367,,Mon Sep 14 20:54:13 EDT 2020,ConsoleSocialDistancingController.java,1600131253156,8097,8097,(I)18,1.0,0.0,0.0,0.0,0.0,0.0,2.25,0.0,0.0,0.0,0.0,0.0,2.25,0.0,[]
368,,Mon Sep 14 20:54:21 EDT 2020,SocialDistancingView.java,1600131261339,1761,1761,(I)5(F)1(I)16,0.9545454545454546,0.0,0.0,4.545454545454546,0.0,0.0,22.0,0.0,0.0,1.0,0.0,0.0,21.0,0.0,[]
369,,Mon Sep 14 20:54:54 EDT 2020,BasicModel.java,1600131294230,48100,0,(F)1(I)4(F)3(I R)1(F)1(I)3(R)1(I)5,0.6842105263157895,0.0,0.0,26.31578947368421,0.0,0.0,0.3958333333333333,0.0,0.0,0.10416666666666667,0.0,0.041666666666666664,0.2708333333333333,0.0,[]
370,,Mon Sep 14 20:55:42 EDT 2020,BasicModel.java,1600131342394,1,1,(I)18(R)1(I)6,0.96,0.0,0.0,0.0,0.0,0.0,0.0,0.0,0.0,0.0,0.0,null,0.0,0.0,[]
371,,Mon Sep 14 20:55:42 EDT 2020,BasicModel.java,1600131342458,3136,3136,(I)25,1.0,0.0,0.0,0.0,0.0,0.0,8.333333333333334,0.0,0.0,0.0,0.0,0.0,8.333333333333334,0.0,[]
372,,Mon Sep 14 20:55:45 EDT 2020,BasicModel.java,1600131345595,6280,6280,(I)17(R)1(I)1,0.9473684210526315,0.0,0.0,0.0,0.0,0.0,3.1666666666666665,0.0,0.0,0.0,0.0,0.16666666666666666,3.0,0.0,[]
373,,Mon Sep 14 20:55:51 EDT 2020,BasicModel.java,1600131351875,20885,0,(I)25,1.0,0.0,0.0,0.0,0.0,0.0,1.25,0.0,0.0,0.0,0.0,0.0,1.25,0.0,[]
374,,Mon Sep 14 20:56:12 EDT 2020,BasicModel.java,1600131372908,1174,1174,(I)13(F)2(I)2(R)2(I)6,0.84,0.0,0.0,8.0,0.0,0.0,25.0,0.0,0.0,2.0,0.0,2.0,21.0,0.0,[]
375,,Mon Sep 14 20:56:14 EDT 2020,AbstractModel.java,1600131374146,24794,0,(I)3(R)2(I)14(R)3(I)2(R)1,0.76,0.0,0.0,0.0,0.0,0.0,1.0416666666666667,0.0,0.0,0.0,0.0,0.25,0.7916666666666666,0.0,[]
376,,Mon Sep 14 20:56:39 EDT 2020,AbstractModel.java,1600131399076,19817,0,(R)2(I)12(R)2(I)1(R)1(I)4(R)2,0.7083333333333334,0.0,0.0,0.0,0.0,0.0,1.263157894736842,0.0,0.0,0.0,0.0,0.3684210526315789,0.8947368421052632,0.0,[]
377,,Mon Sep 14 20:56:59 EDT 2020,AbstractModel.java,1600131419028,31382,0,(R)1(F)2(I)3(F)4(I)13,0.6956521739130435,0.0,0.0,26.08695652173913,0.0,0.0,0.7419354838709677,0.0,0.0,0.1935483870967742,0.0,0.03225806451612903,0.5161290322580645,0.0,[]
378,,Mon Sep 14 20:57:35 EDT 2020,AbstractModel.java,1600131455195,-30458,-30458,(I)18(R)6,0.75,0.0,0.0,0.0,0.0,0.0,0.0,0.0,0.0,0.0,0.0,null,0.0,0.0,[]
379,,Mon Sep 14 20:57:23 EDT 2020,AbstractModel.java,1600131443721,20020,0,(I)19(R)4(I)2,0.84,0.0,0.0,0.0,0.0,0.0,1.25,0.0,0.0,0.0,0.0,0.2,1.05,0.0,[]
380,,Mon Sep 14 20:57:43 EDT 2020,AbstractModel.java,1600131463805,-456,-456,(I)1(R)1(I)2(R)4(I)5(R)1(I)1(R)3,0.5,0.0,0.0,0.0,0.0,0.0,0.0,0.0,0.0,0.0,0.0,null,0.0,0.0,[]
381,,Mon Sep 14 20:57:43 EDT 2020,AbstractModel.java,1600131463508,6892,6892,(R)2(I)3(R)1(I)2(R)4(I)5(R)1(I)1(R)1(I)5,0.64,0.0,0.0,0.0,0.0,0.0,4.166666666666667,0.0,0.0,0.0,0.0,1.5,2.6666666666666665,0.0,[]
382,,Mon Sep 14 20:57:50 EDT 2020,SocialDistancingModel.java,1600131470444,1800,1800,(I)12(F)2(I)2(F)5(I)4,0.72,0.0,0.0,28.000000000000004,0.0,0.0,25.0,0.0,0.0,7.0,0.0,0.0,18.0,0.0,[]
383,,Mon Sep 14 20:57:52 EDT 2020,SocialDistancingViewImpl.java,1600131472331,397588,0,(I)5(F)3(I)6(F)2(I)4,0.75,0.0,0.0,25.0,0.0,0.0,0.05037783375314862,0.0,0.0,0.012594458438287154,0.0,0.0,0.037783375314861464,0.0,[]
384,,Mon Sep 14 21:04:29 EDT 2020,SocialDistancingViewImpl.java,1600131869920,1761,1761,(I)22,1.0,0.0,0.0,0.0,0.0,0.0,22.0,0.0,0.0,0.0,0.0,0.0,22.0,0.0,[]
385,,Mon Sep 14 21:04:31 EDT 2020,SocialDistancingViewImpl.java,1600131871727,3129,3129,(I)9(R)2(I)9,0.9,0.0,0.0,0.0,0.0,0.0,6.666666666666667,0.0,0.0,0.0,0.0,0.6666666666666666,6.0,0.0,[]
386,,Mon Sep 14 21:04:35 EDT 2020,AbstractModel.java,1600131875201,81992,0,(R)2(I)3(F)3(R)3(I)3(F)1(I)5,0.55,0.0,0.0,20.0,0.0,0.0,0.24691358024691357,0.0,0.0,0.04938271604938271,0.0,0.06172839506172839,0.13580246913580246,0.0,[]
387,,Mon Sep 14 21:06:09 EDT 2020,AbstractModel.java,1600131969862,12495,0,(I)5(R)4(I)13,0.8181818181818182,0.0,0.0,0.0,0.0,0.0,1.8333333333333333,0.0,0.0,0.0,0.0,0.3333333333333333,1.5,0.0,[]
388,,Mon Sep 14 21:06:22 EDT 2020,AbstractModel.java,1600131982465,7464,7464,(I)25,1.0,0.0,0.0,0.0,0.0,0.0,3.5714285714285716,0.0,0.0,0.0,0.0,0.0,3.5714285714285716,0.0,[]
389,,Mon Sep 14 21:06:29 EDT 2020,AbstractModel.java,1600131989929,11026,0,(I)24,1.0,0.0,0.0,0.0,0.0,0.0,2.1818181818181817,0.0,0.0,0.0,0.0,0.0,2.1818181818181817,0.0,[]
390,,Mon Sep 14 21:06:41 EDT 2020,AbstractModel.java,1600132001103,882,882,(I)25,1.0,0.0,0.0,0.0,0.0,0.0,0.0,0.0,0.0,0.0,0.0,null,0.0,0.0,[]
391,,Mon Sep 14 21:06:42 EDT 2020,AbstractModel.java,1600132002050,11831,0,(I)19,1.0,0.0,0.0,0.0,0.0,0.0,1.7272727272727273,0.0,0.0,0.0,0.0,0.0,1.7272727272727273,0.0,[]
392,,Mon Sep 14 21:06:54 EDT 2020,InterpolatingModel.java,1600132014745,30880,0,(R)1(I)3(F)4(I)2(R)2(I)5,0.5882352941176471,0.0,0.0,23.52941176470588,0.0,0.0,0.5666666666666667,0.0,0.0,0.13333333333333333,0.0,0.1,0.3333333333333333,0.0,[]
393,,Mon Sep 14 21:07:26 EDT 2020,AbstractModel.java,1600132046309,98489,0,(F)2(I)16(F)2(I)4,0.8333333333333334,0.0,0.0,16.666666666666664,0.0,0.0,0.24489795918367346,0.0,0.0,0.04081632653061224,0.0,0.0,0.20408163265306123,0.0,[]
394,,Mon Sep 14 21:09:05 EDT 2020,AbstractModel.java,1600132145566,9724,9724,(I)25,1.0,0.0,0.0,0.0,0.0,0.0,2.7777777777777777,0.0,0.0,0.0,0.0,0.0,2.7777777777777777,0.0,[]
395,,Mon Sep 14 21:09:15 EDT 2020,AbstractModel.java,1600132155346,12763,0,(I)22,1.0,0.0,0.0,0.0,0.0,0.0,1.8333333333333333,0.0,0.0,0.0,0.0,0.0,1.8333333333333333,0.0,[]
396,,Mon Sep 14 21:09:28 EDT 2020,AbstractModel.java,1600132168308,4502,4502,(I)3(R)4(I)6(R)4(I)8,0.68,0.0,0.0,0.0,0.0,0.0,6.25,0.0,0.0,0.0,0.0,2.0,4.25,0.0,[]
397,,Mon Sep 14 21:09:32 EDT 2020,AbstractModel.java,1600132172956,33258,0,(I)8(F)2(I)1(R)3(I)6(R)3(I)1,0.6666666666666666,0.0,0.0,8.333333333333332,0.0,0.0,0.7272727272727273,0.0,0.0,0.06060606060606061,0.0,0.18181818181818182,0.48484848484848486,0.0,[]
